direction,hour,stop_seq,stop_name,board_prior,alight_prior,load_prior,capacity,capacity_pct,capacity_band
BlokM→Kota,5,1,ASEAN,12.510714285714286,0.7598462301587302,29.11798115079365,80.0,36.39747643849206,low (<50%)
BlokM→Kota,5,2,Kejaksaan Agung,9.780828373015874,0.7247271825396826,38.174082341269845,80.0,47.717602926587304,low (<50%)
BlokM→Kota,5,3,Masjid Agunng,14.125570436507935,1.768625992063492,50.53102678571429,80.0,63.16378348214287,medium (50–80%)
BlokM→Kota,5,4,Bundaran Senayan,11.608482142857142,1.856671626984127,60.2828373015873,80.0,75.35354662698413,medium (50–80%)
BlokM→Kota,5,5,Gelora Bung Karno,9.51904761904762,2.292261904761905,67.50962301587302,80.0,84.38702876984128,high (80–100%)
BlokM→Kota,5,6,Polda Metro Jaya,6.972420634920635,2.3281001984126983,72.15394345238094,80.0,90.19242931547618,high (80–100%)
BlokM→Kota,5,7,Bendungan Hilir,5.396130952380953,2.333928571428572,75.21614583333333,80.0,94.02018229166667,high (80–100%)
BlokM→Kota,5,8,Karet,3.7708333333333335,2.871527777777778,76.125,80.0,95.15625,high (80–100%)
BlokM→Kota,5,9,Dukuh Atas 1,3.236111111111111,8.184027777777777,71.17708333333333,80.0,88.97135416666666,high (80–100%)
BlokM→Kota,5,10,Tosari,4.090277777777778,8.98263888888889,66.28472222222221,80.0,82.85590277777777,high (80–100%)
BlokM→Kota,5,11,Bundaran HI ASTRA,4.465277777777778,9.527777777777777,61.22222222222222,80.0,76.52777777777777,medium (50–80%)
BlokM→Kota,5,12,M.H Thamrin,4.864583333333333,6.652777777777778,59.43402777777778,80.0,74.29253472222223,medium (50–80%)
BlokM→Kota,5,13,Kebon Sirih,6.527777777777778,5.246527777777778,60.71527777777778,80.0,75.89409722222223,medium (50–80%)
BlokM→Kota,5,14,Monumen Nasional,3.934027777777778,5.666666666666667,58.982638888888886,80.0,73.72829861111111,medium (50–80%)
BlokM→Kota,5,15,Harmoni,2.6666666666666665,4.333333333333333,54.66666666666666,80.0,68.33333333333333,medium (50–80%)
BlokM→Kota,6,1,ASEAN,19.67271825396825,2.253720238095238,60.63335813492064,80.0,75.7916976686508,medium (50–80%)
BlokM→Kota,6,2,Kejaksaan Agung,5.828670634920635,1.915128968253968,64.5468998015873,80.0,80.68362475198413,high (80–100%)
BlokM→Kota,6,3,Masjid Agunng,6.698164682539683,4.45374503968254,66.79131944444444,80.0,83.48914930555556,high (80–100%)
BlokM→Kota,6,4,Bundaran Senayan,8.14937996031746,5.755034722222223,69.18566468253968,80.0,86.48208085317461,high (80–100%)
BlokM→Kota,6,5,Gelora Bung Karno,7.660119047619048,6.7671875,70.07859623015874,80.0,87.59824528769842,high (80–100%)
BlokM→Kota,6,6,Polda Metro Jaya,7.682174185463658,5.1136278195488725,72.55441729323309,80.0,90.69302161654136,high (80–100%)
BlokM→Kota,6,7,Bendungan Hilir,5.595944940476191,5.124404761904762,73.11428571428571,80.0,91.39285714285714,high (80–100%)
BlokM→Kota,6,8,Karet,5.517534722222223,5.986061507936508,73.45372023809524,80.0,91.81715029761905,high (80–100%)
BlokM→Kota,6,9,Dukuh Atas 1,6.213888888888889,22.21681547619048,57.45079365079365,80.0,71.81349206349206,medium (50–80%)
BlokM→Kota,6,10,Tosari,11.915848214285717,23.573933531746032,45.79270833333334,80.0,57.24088541666668,medium (50–80%)
BlokM→Kota,6,11,Bundaran HI ASTRA,12.215575396825397,22.86158234126984,35.14670138888889,80.0,43.93337673611112,low (<50%)
BlokM→Kota,6,12,M.H Thamrin,11.621067821067822,14.851911976911977,38.509523809523806,80.0,48.13690476190476,low (<50%)
BlokM→Kota,6,13,Kebon Sirih,12.328013392857144,11.291034226190476,40.171800595238096,80.0,50.21475074404762,medium (50–80%)
BlokM→Kota,6,14,Monumen Nasional,8.339404761904762,12.501190476190477,35.353293650793645,80.0,44.19161706349205,low (<50%)
BlokM→Kota,6,15,Harmoni,13.51031746031746,12.991243386243386,46.89568783068784,80.0,58.6196097883598,medium (50–80%)
BlokM→Kota,6,16,Sawah Besar,17.83625992063492,10.31031746031746,56.03546626984127,80.0,70.0443328373016,medium (50–80%)
BlokM→Kota,6,17,Mangga Besar,14.51875,10.079712301587302,60.47450396825397,80.0,75.59312996031747,medium (50–80%)
BlokM→Kota,6,18,Taman Sari,11.945213293650792,8.177455357142858,64.2422619047619,80.0,80.30282738095238,high (80–100%)
BlokM→Kota,6,19,Glodok,8.574570105820106,7.320667989417989,68.98902116402115,80.0,86.23627645502644,high (80–100%)
BlokM→Kota,6,20,Kota,8.304389880952382,14.57440476190476,63.27544642857143,80.0,79.09430803571429,medium (50–80%)
BlokM→Kota,6,21,Museum Sejarah Jakarta,11.245833333333334,10.626785714285717,63.89449404761905,80.0,79.86811755952381,medium (50–80%)
BlokM→Kota,6,22,Kali Besar,9.826,9.128,63.269333333333336,80.0,79.08666666666667,medium (50–80%)
BlokM→Kota,7,1,ASEAN,19.18343253968254,2.1091021825396825,61.33370535714286,80.0,76.66713169642858,medium (50–80%)
BlokM→Kota,7,2,Kejaksaan Agung,4.806994047619048,2.100917658730159,64.03978174603175,80.0,80.04972718253968,medium (50–80%)
BlokM→Kota,7,3,Masjid Agunng,7.017410714285714,4.355927579365079,66.70126488095238,80.0,83.37658110119047,high (80–100%)
BlokM→Kota,7,4,Bundaran Senayan,8.233407738095238,5.5613343253968255,69.37333829365079,80.0,86.71667286706348,high (80–100%)
BlokM→Kota,7,5,Gelora Bung Karno,8.128546626984127,5.842708333333333,71.65917658730159,80.0,89.57397073412699,high (80–100%)
BlokM→Kota,7,6,Polda Metro Jaya,7.581392339544514,6.618435127674259,72.19683402346446,80.0,90.24604252933057,high (80–100%)
BlokM→Kota,7,7,Bendungan Hilir,7.242733134920635,6.398387896825397,72.99583333333334,80.0,91.24479166666667,high (80–100%)
BlokM→Kota,7,8,Karet,6.470535714285714,6.168179563492064,73.72088293650793,80.0,92.15110367063491,high (80–100%)
BlokM→Kota,7,9,Dukuh Atas 1,6.216617063492064,21.204340277777774,58.73315972222222,80.0,73.41644965277777,medium (50–80%)
BlokM→Kota,7,10,Tosari,12.639583333333334,23.38807043650793,47.984672619047615,80.0,59.98084077380952,medium (50–80%)
BlokM→Kota,7,11,Bundaran HI ASTRA,13.331622023809524,22.72428075396825,38.59201388888889,80.0,48.240017361111114,low (<50%)
BlokM→Kota,7,12,M.H Thamrin,12.796478174603177,16.250843253968252,33.009375,80.0,41.26171875,low (<50%)
BlokM→Kota,7,13,Kebon Sirih,16.0421626984127,13.302901785714283,35.86738591269842,80.0,44.83423239087302,low (<50%)
BlokM→Kota,7,14,Monumen Nasional,11.135420634920637,14.763587301587302,32.61897619047619,80.0,40.77372023809524,low (<50%)
BlokM→Kota,7,15,Harmoni,15.166468253968254,12.523660714285713,34.49595734126984,80.0,43.119946676587304,low (<50%)
BlokM→Kota,7,16,Sawah Besar,17.463864087301587,9.797891865079364,42.16192956349206,80.0,52.70241195436507,medium (50–80%)
BlokM→Kota,7,17,Mangga Besar,15.419655521783184,11.684929078014186,46.20612968591692,80.0,57.75766210739614,medium (50–80%)
BlokM→Kota,7,18,Taman Sari,12.757440476190476,7.804352678571429,55.44806547619048,80.0,69.3100818452381,medium (50–80%)
BlokM→Kota,7,19,Glodok,16.180627705627703,9.022348484848486,61.89853896103896,80.0,77.3731737012987,medium (50–80%)
BlokM→Kota,7,20,Kota,13.9499503968254,18.024801587301585,57.45699404761905,80.0,71.82124255952381,medium (50–80%)
BlokM→Kota,7,21,Museum Sejarah Jakarta,14.529103343465046,12.289159067882473,59.46983282674773,80.0,74.33729103343467,medium (50–80%)
BlokM→Kota,7,22,Kali Besar,9.941051976346094,9.07024587612823,60.67469654528478,80.0,75.84337068160598,medium (50–80%)
BlokM→Kota,8,1,ASEAN,19.81426091269841,2.666170634920635,59.48680555555556,80.0,74.35850694444446,medium (50–80%)
BlokM→Kota,8,2,Kejaksaan Agung,6.160813492063492,2.2683531746031744,63.37926587301588,80.0,79.22408234126985,medium (50–80%)
BlokM→Kota,8,3,Masjid Agunng,7.182638888888889,4.10515873015873,66.45674603174604,80.0,83.07093253968254,high (80–100%)
BlokM→Kota,8,4,Bundaran Senayan,7.493501984126984,6.269047619047619,67.68120039682539,80.0,84.60150049603173,high (80–100%)
BlokM→Kota,8,5,Gelora Bung Karno,8.425644841269841,6.274404761904762,69.83244047619048,80.0,87.2905505952381,high (80–100%)
BlokM→Kota,8,6,Polda Metro Jaya,8.565666666666665,6.323642857142858,71.84540476190476,80.0,89.80675595238094,high (80–100%)
BlokM→Kota,8,7,Bendungan Hilir,7.144593253968254,6.261557539682539,72.53494543650794,80.0,90.66868179563492,high (80–100%)
BlokM→Kota,8,8,Karet,6.864260912698413,6.612624007936508,73.10066964285714,80.0,91.37583705357143,high (80–100%)
BlokM→Kota,8,9,Dukuh Atas 1,6.726463293650794,21.28965773809524,58.5374751984127,80.0,73.17184399801587,medium (50–80%)
BlokM→Kota,8,10,Tosari,12.277876984126983,25.09345238095238,45.721899801587305,80.0,57.152374751984134,medium (50–80%)
BlokM→Kota,8,11,Bundaran HI ASTRA,13.31686507936508,21.5375,37.501264880952384,80.0,46.87658110119048,low (<50%)
BlokM→Kota,8,12,M.H Thamrin,12.631256332320165,15.577330293819657,36.19397163120567,80.0,45.24246453900709,low (<50%)
BlokM→Kota,8,13,Kebon Sirih,14.337127976190477,12.974578373015872,36.45178571428571,80.0,45.56473214285714,low (<50%)
BlokM→Kota,8,14,Monumen Nasional,10.168756613756614,13.58378306878307,31.140291005291004,80.0,38.925363756613756,low (<50%)
BlokM→Kota,8,15,Harmoni,15.1608878968254,12.099677579365078,34.790625,80.0,43.48828125,low (<50%)
BlokM→Kota,8,16,Sawah Besar,16.441691468253968,11.58623511904762,39.64608134920635,80.0,49.55760168650794,low (<50%)
BlokM→Kota,8,17,Mangga Besar,15.752516233766231,10.004788961038962,46.2808170995671,80.0,57.85102137445888,medium (50–80%)
BlokM→Kota,8,18,Taman Sari,15.157514880952382,8.228125,51.96490575396825,80.0,64.95613219246032,medium (50–80%)
BlokM→Kota,8,19,Glodok,18.33712797619048,9.394270833333334,60.9077628968254,80.0,76.13470362103175,medium (50–80%)
BlokM→Kota,8,20,Kota,14.27234623015873,17.114930555555556,58.06517857142857,80.0,72.58147321428571,medium (50–80%)
BlokM→Kota,8,21,Museum Sejarah Jakarta,13.514763524457402,12.40698898607062,59.45445416261743,80.0,74.31806770327178,medium (50–80%)
BlokM→Kota,8,22,Kali Besar,10.530305383022776,8.722360248447206,61.23607660455486,80.0,76.54509575569357,medium (50–80%)
BlokM→Kota,9,1,ASEAN,18.627380952380957,1.2848214285714286,41.46525297619048,80.0,51.8315662202381,medium (50–80%)
BlokM→Kota,9,2,Kejaksaan Agung,14.229191468253967,0.8721974206349206,54.82224702380952,80.0,68.5278087797619,medium (50–80%)
BlokM→Kota,9,3,Masjid Agunng,15.175545634920637,2.337797619047619,67.65999503968254,80.0,84.57499379960318,high (80–100%)
BlokM→Kota,9,4,Bundaran Senayan,6.4171875,2.404389880952381,71.67279265873016,80.0,89.5909908234127,high (80–100%)
BlokM→Kota,9,5,Gelora Bung Karno,5.131473214285714,3.280357142857143,73.52390873015874,80.0,91.90488591269842,high (80–100%)
BlokM→Kota,9,6,Polda Metro Jaya,5.42337289147634,3.6921978404737024,74.77502301338508,80.0,93.46877876673135,high (80–100%)
BlokM→Kota,9,7,Bendungan Hilir,4.258847402597403,3.804290110930736,74.98391053391053,80.0,93.72988816738817,high (80–100%)
BlokM→Kota,9,8,Karet,4.259647817460317,3.9872767857142857,74.75483630952381,80.0,93.44354538690476,high (80–100%)
BlokM→Kota,9,9,Dukuh Atas 1,4.283928571428572,12.773809523809524,66.26495535714285,80.0,82.83119419642857,high (80–100%)
BlokM→Kota,9,10,Tosari,6.966790674603175,12.732738095238096,60.49900793650793,80.0,75.62375992063491,medium (50–80%)
BlokM→Kota,9,11,Bundaran HI ASTRA,7.502876984126984,13.49156746031746,54.51031746031746,80.0,68.13789682539682,medium (50–80%)
BlokM→Kota,9,12,M.H Thamrin,7.090456461940837,11.681945571789322,39.44003258026696,80.0,49.3000407253337,low (<50%)
BlokM→Kota,9,13,Kebon Sirih,8.735679901695526,8.795103941197691,39.38060854076479,80.0,49.22576067595599,low (<50%)
BlokM→Kota,9,14,Monumen Nasional,6.34266438370916,8.021470569231763,38.5616613900196,80.0,48.2020767375245,low (<50%)
BlokM→Kota,9,15,Harmoni,8.692484126984127,7.320134920634921,38.53029365079365,80.0,48.162867063492065,low (<50%)
BlokM→Kota,9,16,Sawah Besar,9.198313492063493,5.685962301587302,41.592931547619045,80.0,51.99116443452381,medium (50–80%)
BlokM→Kota,9,17,Mangga Besar,10.187102834272649,5.462997222902883,44.85142462359444,80.0,56.064280779493046,medium (50–80%)
BlokM→Kota,9,18,Taman Sari,8.08438401875902,4.989559659090909,47.48216934974747,80.0,59.352711687184346,medium (50–80%)
BlokM→Kota,9,19,Glodok,11.72648189484127,4.41418988997114,54.7944613546176,80.0,68.493076693272,medium (50–80%)
BlokM→Kota,9,20,Kota,10.717865732151449,9.56777640349069,55.892354382830575,80.0,69.86544297853821,medium (50–80%)
BlokM→Kota,9,21,Museum Sejarah Jakarta,8.362301587301587,7.805332341269842,55.61391369047619,80.0,69.51739211309523,medium (50–80%)
BlokM→Kota,9,22,Kali Besar,5.740208940719144,5.030361192095886,56.64084062196307,80.0,70.80105077745384,medium (50–80%)
BlokM→Kota,10,1,ASEAN,17.274082341269843,1.0669890873015873,40.61842757936508,80.0,50.773034474206355,medium (50–80%)
BlokM→Kota,10,2,Kejaksaan Agung,15.020386904761905,1.0827628968253968,54.55605158730159,80.0,68.19506448412699,medium (50–80%)
BlokM→Kota,10,3,Masjid Agunng,15.19952876984127,2.0550843253968254,67.70049603174603,80.0,84.62562003968253,high (80–100%)
BlokM→Kota,10,4,Bundaran Senayan,6.073313492063492,3.2597718253968253,70.51403769841271,80.0,88.14254712301587,high (80–100%)
BlokM→Kota,10,5,Gelora Bung Karno,5.478670634920635,3.7384176587301594,72.25429067460318,80.0,90.31786334325398,high (80–100%)
BlokM→Kota,10,6,Polda Metro Jaya,5.991170634920635,3.5553075396825395,74.69015376984127,80.0,93.3626922123016,high (80–100%)
BlokM→Kota,10,7,Bendungan Hilir,4.621656534954408,4.078115501519757,75.13485309017224,80.0,93.91856636271531,high (80–100%)
BlokM→Kota,10,8,Karet,3.733060515873016,4.036731150793651,75.50372023809524,80.0,94.37965029761905,high (80–100%)
BlokM→Kota,10,9,Dukuh Atas 1,3.7974454365079366,11.803794642857143,67.49737103174603,80.0,84.37171378968253,high (80–100%)
BlokM→Kota,10,10,Tosari,6.794246031746032,12.797445436507935,61.49417162698413,80.0,76.86771453373015,medium (50–80%)
BlokM→Kota,10,11,Bundaran HI ASTRA,6.695238095238095,13.03422619047619,55.155183531746026,80.0,68.94397941468253,medium (50–80%)
BlokM→Kota,10,12,M.H Thamrin,7.426339285714286,10.673784722222225,51.907738095238095,80.0,64.88467261904762,medium (50–80%)
BlokM→Kota,10,13,Kebon Sirih,8.339360119047619,8.83452380952381,51.41257440476191,80.0,64.2657180059524,medium (50–80%)
BlokM→Kota,10,14,Monumen Nasional,5.771750992063492,8.05250496031746,49.13182043650793,80.0,61.41477554563492,medium (50–80%)
BlokM→Kota,10,15,Harmoni,9.392592592592592,8.615164954870838,50.37402738873327,80.0,62.96753423591659,medium (50–80%)
BlokM→Kota,10,16,Sawah Besar,10.39985119047619,6.389756944444444,55.0609623015873,80.0,68.82620287698413,medium (50–80%)
BlokM→Kota,10,17,Mangga Besar,8.813715277777778,6.144642857142856,57.73003472222222,80.0,72.16254340277779,medium (50–80%)
BlokM→Kota,10,18,Taman Sari,8.229141865079365,5.178000992063492,60.781175595238096,80.0,75.97646949404762,medium (50–80%)
BlokM→Kota,10,19,Glodok,9.933556547619048,4.351810515873016,66.36292162698412,80.0,82.95365203373015,high (80–100%)
BlokM→Kota,10,20,Kota,8.645910268869452,10.002275672173631,65.0953514739229,80.0,81.36918934240363,high (80–100%)
BlokM→Kota,10,21,Museum Sejarah Jakarta,8.507902687590187,6.065272141053391,67.64552105880232,80.0,84.5569013235029,high (80–100%)
BlokM→Kota,10,22,Kali Besar,5.641543065313557,4.730653135571169,67.91790268019777,80.0,84.89737835024721,high (80–100%)
BlokM→Kota,11,1,ASEAN,16.1140873015873,0.8823660714285714,35.95059523809524,80.0,44.938244047619044,low (<50%)
BlokM→Kota,11,2,Kejaksaan Agung,12.646825396825395,0.6691220238095238,47.92829861111111,80.0,59.910373263888886,medium (50–80%)
BlokM→Kota,11,3,Masjid Agunng,18.063194444444445,1.8266121031746032,64.16488095238095,80.0,80.2061011904762,high (80–100%)
BlokM→Kota,11,4,Bundaran Senayan,11.1875248015873,2.579092261904762,72.7733134920635,80.0,90.96664186507937,high (80–100%)
BlokM→Kota,11,5,Gelora Bung Karno,6.0795634920634924,3.244518849206349,75.60835813492064,80.0,94.5104476686508,high (80–100%)
BlokM→Kota,11,6,Polda Metro Jaya,3.878571428571429,3.369122023809524,76.11780753968254,80.0,95.14725942460318,high (80–100%)
BlokM→Kota,11,7,Bendungan Hilir,3.590525793650794,2.7807291666666667,76.99278273809524,80.0,96.24097842261905,high (80–100%)
BlokM→Kota,11,8,Karet,4.137797619047618,3.4686011904761904,76.18983134920636,80.0,95.23728918650795,high (80–100%)
BlokM→Kota,11,9,Dukuh Atas 1,3.194419642857143,9.980109126984129,69.40414186507937,80.0,86.75517733134922,high (80–100%)
BlokM→Kota,11,10,Tosari,5.872718253968254,12.28546626984127,62.991393849206354,80.0,78.73924231150794,medium (50–80%)
BlokM→Kota,11,11,Bundaran HI ASTRA,5.95280257936508,12.21078869047619,56.73340773809523,80.0,70.91675967261904,medium (50–80%)
BlokM→Kota,11,12,M.H Thamrin,6.079786706349206,8.944270833333333,53.86892361111112,80.0,67.3361545138889,medium (50–80%)
BlokM→Kota,11,13,Kebon Sirih,7.436408730158731,7.604885912698413,53.70044642857143,80.0,67.12555803571429,medium (50–80%)
BlokM→Kota,11,14,Monumen Nasional,5.300421626984127,8.7015625,50.29930555555556,80.0,62.87413194444446,medium (50–80%)
BlokM→Kota,11,15,Harmoni,7.611686103012634,7.65926465824425,48.969711694201486,80.0,61.21213961775186,medium (50–80%)
BlokM→Kota,11,16,Sawah Besar,8.976016865079364,5.499925595238095,52.00845734126984,80.0,65.0105716765873,medium (50–80%)
BlokM→Kota,11,17,Mangga Besar,8.605183531746032,5.52110615079365,55.09253472222222,80.0,68.86566840277777,medium (50–80%)
BlokM→Kota,11,18,Taman Sari,6.393402777777777,3.882068452380953,57.60386904761905,80.0,72.00483630952381,medium (50–80%)
BlokM→Kota,11,19,Glodok,8.73422619047619,4.040798611111112,62.29729662698413,80.0,77.87162078373015,medium (50–80%)
BlokM→Kota,11,20,Kota,8.660912698412698,9.04513888888889,61.91307043650793,80.0,77.39133804563491,medium (50–80%)
BlokM→Kota,11,21,Museum Sejarah Jakarta,7.915798611111111,6.667956349206349,63.160912698412695,80.0,78.95114087301587,medium (50–80%)
BlokM→Kota,11,22,Kali Besar,4.862875717662951,4.379854778790949,64.86905606214117,80.0,81.08632007767646,high (80–100%)
BlokM→Kota,12,1,ASEAN,15.65282738095238,0.902281746031746,36.43018353174603,80.0,45.53772941468254,low (<50%)
BlokM→Kota,12,2,Kejaksaan Agung,12.832713293650793,1.041641865079365,48.22125496031746,80.0,60.27656870039683,medium (50–80%)
BlokM→Kota,12,3,Masjid Agunng,18.205654761904764,2.352678571428572,64.07423115079365,80.0,80.09278893849206,high (80–100%)
BlokM→Kota,12,4,Bundaran Senayan,12.6734375,2.963070436507936,73.78459821428571,80.0,92.23074776785714,high (80–100%)
BlokM→Kota,12,5,Gelora Bung Karno,5.310491071428571,2.9726934523809523,76.12239583333333,80.0,95.15299479166666,high (80–100%)
BlokM→Kota,12,6,Polda Metro Jaya,3.647693452380953,2.576810515873016,77.19327876984127,80.0,96.49159846230158,high (80–100%)
BlokM→Kota,12,7,Bendungan Hilir,2.814115646258504,3.1071752510528023,76.88534175574992,80.0,96.10667719468739,high (80–100%)
BlokM→Kota,12,8,Karet,2.8078125000000003,3.2124751984126987,76.63655753968254,80.0,95.79569692460318,high (80–100%)
BlokM→Kota,12,9,Dukuh Atas 1,3.2897321428571424,10.490500992063492,69.4357886904762,80.0,86.79473586309526,high (80–100%)
BlokM→Kota,12,10,Tosari,5.443055555555556,11.592782738095238,63.2860615079365,80.0,79.10757688492063,medium (50–80%)
BlokM→Kota,12,11,Bundaran HI ASTRA,5.887276785714286,11.066641865079363,58.10669642857143,80.0,72.63337053571429,medium (50–80%)
BlokM→Kota,12,12,M.H Thamrin,6.660962301587301,10.151314484126983,54.61634424603175,80.0,68.27043030753968,medium (50–80%)
BlokM→Kota,12,13,Kebon Sirih,7.709598214285713,8.867435515873016,53.45850694444445,80.0,66.82313368055557,medium (50–80%)
BlokM→Kota,12,14,Monumen Nasional,5.294642857142857,8.155977182539683,50.59717261904762,80.0,63.246465773809526,medium (50–80%)
BlokM→Kota,12,15,Harmoni,8.299692257855522,7.488532555879495,52.091699060576616,80.0,65.11462382572077,medium (50–80%)
BlokM→Kota,12,16,Sawah Besar,9.293005952380952,5.630208333333333,55.299677579365074,80.0,69.12459697420634,medium (50–80%)
BlokM→Kota,12,17,Mangga Besar,9.513219246031746,4.831572420634921,59.9813244047619,80.0,74.97665550595237,medium (50–80%)
BlokM→Kota,12,18,Taman Sari,7.902876984126984,4.882787698412698,63.00141369047619,80.0,78.75176711309524,medium (50–80%)
BlokM→Kota,12,19,Glodok,7.113616071428571,4.118799603174604,65.99623015873016,80.0,82.4952876984127,high (80–100%)
BlokM→Kota,12,20,Kota,7.75515873015873,8.320907738095238,65.43048115079365,80.0,81.78810143849206,high (80–100%)
BlokM→Kota,12,21,Museum Sejarah Jakarta,6.522395833333333,6.774454365079365,65.17842261904762,80.0,81.47302827380953,high (80–100%)
BlokM→Kota,12,22,Kali Besar,4.758524114774115,4.3814498001998,65.54038045288046,80.0,81.92547556610057,high (80–100%)
BlokM→Kota,13,1,ASEAN,15.938467261904762,1.045064484126984,36.14246031746032,80.0,45.1780753968254,low (<50%)
BlokM→Kota,13,2,Kejaksaan Agung,12.984771825396823,0.9115823412698412,48.2156498015873,80.0,60.26956225198412,medium (50–80%)
BlokM→Kota,13,3,Masjid Agunng,17.52720734126984,2.2821676587301587,63.46068948412699,80.0,79.32586185515873,medium (50–80%)
BlokM→Kota,13,4,Bundaran Senayan,11.523809523809524,2.714707341269841,72.26979166666666,80.0,90.33723958333333,high (80–100%)
BlokM→Kota,13,5,Gelora Bung Karno,6.286235119047618,3.543452380952381,75.0125744047619,80.0,93.76571800595238,high (80–100%)
BlokM→Kota,13,6,Polda Metro Jaya,4.732018849206349,3.072619047619048,76.6719742063492,80.0,95.8399677579365,high (80–100%)
BlokM→Kota,13,7,Bendungan Hilir,3.255901722391084,3.316084093211753,76.6580040526849,80.0,95.82250506585612,high (80–100%)
BlokM→Kota,13,8,Karet,3.1669146825396823,3.3122767857142854,76.67487599206349,80.0,95.84359499007937,high (80–100%)
BlokM→Kota,13,9,Dukuh Atas 1,3.2684771825396823,10.601314484126984,69.34203869047619,80.0,86.67754836309524,high (80–100%)
BlokM→Kota,13,10,Tosari,6.127232142857142,12.219618055555555,63.249652777777776,80.0,79.06206597222221,medium (50–80%)
BlokM→Kota,13,11,Bundaran HI ASTRA,5.802901785714286,11.728100198412696,57.32445436507936,80.0,71.6555679563492,medium (50–80%)
BlokM→Kota,13,12,M.H Thamrin,6.860317460317461,9.785962301587302,54.398809523809526,80.0,67.9985119047619,medium (50–80%)
BlokM→Kota,13,13,Kebon Sirih,7.9633432539682545,7.811383928571428,54.55076884920635,80.0,68.18846106150794,medium (50–80%)
BlokM→Kota,13,14,Monumen Nasional,5.450248015873016,7.79389880952381,52.207118055555554,80.0,65.25889756944444,medium (50–80%)
BlokM→Kota,13,15,Harmoni,7.5751058201058195,8.565811287477954,50.02746913580248,80.0,62.5343364197531,medium (50–80%)
BlokM→Kota,13,16,Sawah Besar,8.535763888888889,5.21765873015873,52.90074404761905,80.0,66.12593005952381,medium (50–80%)
BlokM→Kota,13,17,Mangga Besar,7.902182539682539,5.055828373015873,55.74709821428571,80.0,69.68387276785714,medium (50–80%)
BlokM→Kota,13,18,Taman Sari,7.192385912698413,3.5577628968253965,59.381721230158725,80.0,74.2271515376984,medium (50–80%)
BlokM→Kota,13,19,Glodok,9.493526785714286,4.1937500000000005,64.68149801587302,80.0,80.85187251984127,high (80–100%)
BlokM→Kota,13,20,Kota,8.955803571428572,8.821651785714286,64.8156498015873,80.0,81.01956225198413,high (80–100%)
BlokM→Kota,13,21,Museum Sejarah Jakarta,6.212673611111111,6.403794642857143,64.62452876984126,80.0,80.78066096230158,high (80–100%)
BlokM→Kota,13,22,Kali Besar,5.028596230158731,3.9171957671957673,65.55541501322752,80.0,81.9442687665344,high (80–100%)
BlokM→Kota,14,1,ASEAN,16.082787698412698,1.2151041666666669,37.09263392857143,80.0,46.36579241071429,low (<50%)
BlokM→Kota,14,2,Kejaksaan Agung,12.402132936507938,1.063715277777778,48.43105158730159,80.0,60.53881448412699,medium (50–80%)
BlokM→Kota,14,3,Masjid Agunng,18.05305059523809,2.1705853174603176,64.31351686507936,80.0,80.3918960813492,high (80–100%)
BlokM→Kota,14,4,Bundaran Senayan,11.17326388888889,2.7359623015873016,72.75081845238095,80.0,90.93852306547619,high (80–100%)
BlokM→Kota,14,5,Gelora Bung Karno,6.1337053571428575,3.4038194444444443,75.48070436507936,80.0,94.3508804563492,high (80–100%)
BlokM→Kota,14,6,Polda Metro Jaya,4.324776785714286,2.7533978174603178,77.05208333333333,80.0,96.31510416666667,high (80–100%)
BlokM→Kota,14,7,Bendungan Hilir,2.9728296080336896,3.3292355037253,76.66303045027536,80.0,95.8287880628442,high (80–100%)
BlokM→Kota,14,8,Karet,3.3315724206349207,3.3125,76.66212797619048,80.0,95.8276599702381,high (80–100%)
BlokM→Kota,14,9,Dukuh Atas 1,2.895089285714286,11.16842757936508,68.38878968253968,80.0,85.4859871031746,high (80–100%)
BlokM→Kota,14,10,Tosari,6.118477182539682,12.865451388888888,61.64181547619048,80.0,77.0522693452381,medium (50–80%)
BlokM→Kota,14,11,Bundaran HI ASTRA,6.115972222222222,13.282713293650794,54.47507440476191,80.0,68.0938430059524,medium (50–80%)
BlokM→Kota,14,12,M.H Thamrin,6.194593253968254,9.388640873015872,51.28102678571429,80.0,64.10128348214286,medium (50–80%)
BlokM→Kota,14,13,Kebon Sirih,7.837847222222223,7.755530753968254,51.36334325396825,80.0,64.20417906746032,medium (50–80%)
BlokM→Kota,14,14,Monumen Nasional,4.802157738095239,7.935863095238095,48.2296378968254,80.0,60.287047371031754,medium (50–80%)
BlokM→Kota,14,15,Harmoni,7.133902691511388,7.593115942028986,49.57277432712216,80.0,61.9659679089027,medium (50–80%)
BlokM→Kota,14,16,Sawah Besar,8.778720238095238,5.285515873015873,53.8780257936508,80.0,67.34753224206351,medium (50–80%)
BlokM→Kota,14,17,Mangga Besar,7.913219246031747,5.781150793650794,56.01009424603175,80.0,70.01261780753968,medium (50–80%)
BlokM→Kota,14,18,Taman Sari,8.188417658730158,4.246602182539682,59.95190972222222,80.0,74.93988715277777,medium (50–80%)
BlokM→Kota,14,19,Glodok,9.093799603174604,3.6817212301587294,65.3639880952381,80.0,81.70498511904762,high (80–100%)
BlokM→Kota,14,20,Kota,8.594742063492063,7.761855158730159,66.19687499999999,80.0,82.74609375,high (80–100%)
BlokM→Kota,14,21,Museum Sejarah Jakarta,7.423189484126984,6.333630952380953,67.28643353174603,80.0,84.10804191468253,high (80–100%)
BlokM→Kota,14,22,Kali Besar,4.988392857142856,4.442505411255412,67.0439935064935,80.0,83.80499188311688,high (80–100%)
BlokM→Kota,15,1,ASEAN,17.517633928571428,1.389905753968254,39.41309523809524,80.0,49.266369047619044,low (<50%)
BlokM→Kota,15,2,Kejaksaan Agung,13.32358630952381,1.8601438492063491,50.8765376984127,80.0,63.595672123015866,medium (50–80%)
BlokM→Kota,15,3,Masjid Agunng,20.736334325396825,2.384002976190476,69.22886904761904,80.0,86.53608630952381,high (80–100%)
BlokM→Kota,15,4,Bundaran Senayan,9.8281498015873,3.1344742063492066,75.92254464285715,80.0,94.90318080357143,high (80–100%)
BlokM→Kota,15,5,Gelora Bung Karno,3.861805555555556,3.471031746031746,76.31331845238095,80.0,95.3916480654762,high (80–100%)
BlokM→Kota,15,6,Polda Metro Jaya,3.679042658730159,3.0724702380952382,76.91989087301587,80.0,96.14986359126985,high (80–100%)
BlokM→Kota,15,7,Bendungan Hilir,3.0617753623188406,3.750828157349897,76.23576604554866,80.0,95.29470755693582,high (80–100%)
BlokM→Kota,15,8,Karet,3.8377232142857145,3.086011904761905,76.90357142857142,80.0,96.12946428571428,high (80–100%)
BlokM→Kota,15,9,Dukuh Atas 1,2.9498015873015877,11.303075396825395,68.55029761904761,80.0,85.68787202380952,high (80–100%)
BlokM→Kota,15,10,Tosari,6.773611111111111,12.669122023809525,62.654786706349206,80.0,78.3184833829365,medium (50–80%)
BlokM→Kota,15,11,Bundaran HI ASTRA,7.10014880952381,13.194246031746031,56.56068948412698,80.0,70.70086185515872,medium (50–80%)
BlokM→Kota,15,12,M.H Thamrin,6.726215277777778,10.523561507936508,52.76334325396826,80.0,65.95417906746033,medium (50–80%)
BlokM→Kota,15,13,Kebon Sirih,8.478025793650794,8.05858134920635,53.1827876984127,80.0,66.47848462301587,medium (50–80%)
BlokM→Kota,15,14,Monumen Nasional,5.1707093253968255,9.52904265873016,48.82445436507936,80.0,61.0305679563492,medium (50–80%)
BlokM→Kota,15,15,Harmoni,8.163556851311954,8.099416909620992,50.57718658892128,80.0,63.2214832361516,medium (50–80%)
BlokM→Kota,15,16,Sawah Besar,9.986607142857142,5.667460317460318,54.28040674603175,80.0,67.8505084325397,medium (50–80%)
BlokM→Kota,15,17,Mangga Besar,9.567336309523808,6.166914682539683,57.68082837301588,80.0,72.10103546626985,medium (50–80%)
BlokM→Kota,15,18,Taman Sari,8.035416666666666,5.039880952380952,60.67636408730159,80.0,75.84545510912699,medium (50–80%)
BlokM→Kota,15,19,Glodok,9.780084325396826,5.187921626984127,65.26852678571429,80.0,81.58565848214285,high (80–100%)
BlokM→Kota,15,20,Kota,8.794543650793651,9.4218501984127,64.64122023809524,80.0,80.80152529761907,high (80–100%)
BlokM→Kota,15,21,Museum Sejarah Jakarta,7.706845238095238,8.804315476190476,63.54375,80.0,79.4296875,medium (50–80%)
BlokM→Kota,15,22,Kali Besar,6.052997298210064,4.211313745356298,66.5846420128335,80.0,83.23080251604186,high (80–100%)
BlokM→Kota,16,1,ASEAN,21.724801587301588,1.762748015873016,54.65099206349206,80.0,68.31374007936508,medium (50–80%)
BlokM→Kota,16,2,Kejaksaan Agung,10.689211309523811,1.546701388888889,63.79350198412698,80.0,79.74187748015873,medium (50–80%)
BlokM→Kota,16,3,Masjid Agunng,13.268526785714286,3.0781001984126983,73.98392857142856,80.0,92.47991071428571,high (80–100%)
BlokM→Kota,16,4,Bundaran Senayan,5.990376984126985,4.995833333333334,74.97847222222222,80.0,93.72309027777777,high (80–100%)
BlokM→Kota,16,5,Gelora Bung Karno,5.021527777777778,5.876736111111111,74.12326388888889,80.0,92.6540798611111,high (80–100%)
BlokM→Kota,16,6,Polda Metro Jaya,6.376068376068376,5.228785103785103,74.77121489621489,80.0,93.4640186202686,high (80–100%)
BlokM→Kota,16,7,Bendungan Hilir,5.586029411764706,5.262756769374416,74.73724323062558,80.0,93.42155403828197,high (80–100%)
BlokM→Kota,16,8,Karet,4.03187003968254,5.025372023809524,74.97462797619048,80.0,93.7182849702381,high (80–100%)
BlokM→Kota,16,9,Dukuh Atas 1,4.948536706349207,17.244047619047617,62.67911706349207,80.0,78.34889632936509,medium (50–80%)
BlokM→Kota,16,10,Tosari,9.792311507936509,19.75587797619048,52.71555059523809,80.0,65.89443824404762,medium (50–80%)
BlokM→Kota,16,11,Bundaran HI ASTRA,10.027108134920637,17.523710317460317,45.21894841269841,80.0,56.52368551587301,medium (50–80%)
BlokM→Kota,16,12,M.H Thamrin,11.263657407407408,15.36521164021164,38.58201058201058,80.0,48.22751322751323,low (<50%)
BlokM→Kota,16,13,Kebon Sirih,14.230877976190476,13.102083333333333,38.41741071428572,80.0,48.02176339285715,low (<50%)
BlokM→Kota,16,14,Monumen Nasional,10.432477678571429,13.719345238095238,35.1305431547619,80.0,43.91317894345238,low (<50%)
BlokM→Kota,16,15,Harmoni,11.531205673758866,10.66180344478217,42.14242654508612,80.0,52.67803318135764,medium (50–80%)
BlokM→Kota,16,16,Sawah Besar,13.424131944444444,8.299900793650794,48.57896825396825,80.0,60.72371031746031,medium (50–80%)
BlokM→Kota,16,17,Mangga Besar,12.57874503968254,8.617435515873016,52.54027777777778,80.0,65.67534722222223,medium (50–80%)
BlokM→Kota,16,18,Taman Sari,12.390972222222222,6.060193452380953,58.87105654761905,80.0,73.58882068452381,medium (50–80%)
BlokM→Kota,16,19,Glodok,12.388968253968253,7.548386243386242,63.84801587301588,80.0,79.81001984126985,medium (50–80%)
BlokM→Kota,16,20,Kota,11.779401154401151,13.562806637806638,62.22449494949495,80.0,77.78061868686869,medium (50–80%)
BlokM→Kota,16,21,Museum Sejarah Jakarta,13.268824404761904,12.124107142857143,63.0413318452381,80.0,78.80166480654762,medium (50–80%)
BlokM→Kota,16,22,Kali Besar,7.943303571428572,7.25545634920635,65.42085046897547,80.0,81.77606308621934,high (80–100%)
BlokM→Kota,17,1,ASEAN,16.741344246031748,1.6402529761904765,43.419047619047625,80.0,54.27380952380953,medium (50–80%)
BlokM→Kota,17,2,Kejaksaan Agung,8.348090277777777,1.846999007936508,49.920138888888886,80.0,62.40017361111111,medium (50–80%)
BlokM→Kota,17,3,Masjid Agunng,11.353298611111112,2.459499007936508,58.81393849206349,80.0,73.51742311507937,medium (50–80%)
BlokM→Kota,17,4,Bundaran Senayan,9.508060515873016,3.916815476190477,64.40518353174603,80.0,80.50647941468254,high (80–100%)
BlokM→Kota,17,5,Gelora Bung Karno,8.934151785714286,4.129340277777778,69.20999503968254,80.0,86.51249379960318,high (80–100%)
BlokM→Kota,17,6,Polda Metro Jaya,5.905260243632337,4.2516334440753045,73.64759136212625,80.0,92.0594892026578,high (80–100%)
BlokM→Kota,17,7,Bendungan Hilir,4.798189484126984,4.633482142857143,74.25099206349206,80.0,92.81374007936508,high (80–100%)
BlokM→Kota,17,8,Karet,4.534126984126984,5.373462301587302,73.58864087301588,80.0,91.98580109126985,high (80–100%)
BlokM→Kota,17,9,Dukuh Atas 1,5.052554563492064,14.87425595238095,63.766939484126986,80.0,79.70867435515873,medium (50–80%)
BlokM→Kota,17,10,Tosari,8.645585317460318,15.83174603174603,56.58077876984127,80.0,70.72597346230158,medium (50–80%)
BlokM→Kota,17,11,Bundaran HI ASTRA,8.420684523809523,15.850694444444445,49.15076884920635,80.0,61.438461061507944,medium (50–80%)
BlokM→Kota,17,12,M.H Thamrin,9.74361471861472,12.50965909090909,42.180898268398266,80.0,52.72612283549783,medium (50–80%)
BlokM→Kota,17,13,Kebon Sirih,9.787003968253968,10.145585317460318,42.16438492063492,80.0,52.70548115079365,medium (50–80%)
BlokM→Kota,17,14,Monumen Nasional,6.2128835978835975,8.922380952380953,41.1421164021164,80.0,51.427645502645504,medium (50–80%)
BlokM→Kota,17,15,Harmoni,8.965398550724638,8.317339544513457,42.380124223602486,80.0,52.975155279503106,medium (50–80%)
BlokM→Kota,17,16,Sawah Besar,10.772247023809523,6.775719246031746,45.36168154761905,80.0,56.70210193452381,medium (50–80%)
BlokM→Kota,17,17,Mangga Besar,11.060822510822511,7.24215367965368,47.12724567099567,80.0,58.90905708874459,medium (50–80%)
BlokM→Kota,17,18,Taman Sari,11.986941964285714,7.325967261904762,48.01197916666666,80.0,60.01497395833333,medium (50–80%)
BlokM→Kota,17,19,Glodok,15.268333333333333,6.614727891156463,57.7321768707483,80.0,72.16522108843537,medium (50–80%)
BlokM→Kota,17,20,Kota,11.590248226950354,11.779027355623102,58.95493920972644,80.0,73.69367401215806,medium (50–80%)
BlokM→Kota,17,21,Museum Sejarah Jakarta,9.884473150962512,8.231053698074975,61.63409321175279,80.0,77.04261651469099,medium (50–80%)
BlokM→Kota,17,22,Kali Besar,6.064087301587302,4.832624716553288,63.68803854875284,80.0,79.61004818594105,medium (50–80%)
BlokM→Kota,18,1,ASEAN,15.533804563492064,1.3185763888888888,42.55761408730159,80.0,53.19701760912699,medium (50–80%)
BlokM→Kota,18,2,Kejaksaan Agung,6.506175595238095,1.476686507936508,47.58710317460318,80.0,59.483878968253975,medium (50–80%)
BlokM→Kota,18,3,Masjid Agunng,10.31125992063492,2.9686507936507938,54.9297123015873,80.0,68.66214037698413,medium (50–80%)
BlokM→Kota,18,4,Bundaran Senayan,10.386979166666666,3.8765625,61.440128968253966,80.0,76.80016121031746,medium (50–80%)
BlokM→Kota,18,5,Gelora Bung Karno,9.838888888888889,4.110391865079365,67.1686259920635,80.0,83.96078249007937,high (80–100%)
BlokM→Kota,18,6,Polda Metro Jaya,7.042783656672545,4.213940329218107,70.47603615520282,80.0,88.09504519400353,high (80–100%)
BlokM→Kota,18,7,Bendungan Hilir,5.753645833333334,3.8832589285714287,72.68387896825396,80.0,90.85484871031746,high (80–100%)
BlokM→Kota,18,8,Karet,5.193774801587302,4.144370039682539,73.75406746031746,80.0,92.19258432539682,high (80–100%)
BlokM→Kota,18,9,Dukuh Atas 1,4.802157738095239,13.243080357142857,65.31314484126985,80.0,81.6414310515873,high (80–100%)
BlokM→Kota,18,10,Tosari,7.491741071428572,14.16498015873016,58.63990575396826,80.0,73.29988219246032,medium (50–80%)
BlokM→Kota,18,11,Bundaran HI ASTRA,8.767212301587302,13.715550595238094,53.69156746031746,80.0,67.11445932539682,medium (50–80%)
BlokM→Kota,18,12,M.H Thamrin,8.035689484126985,12.48687996031746,47.7890625,80.0,59.73632812500001,medium (50–80%)
BlokM→Kota,18,13,Kebon Sirih,10.049975198412698,9.811036706349206,48.02800099206349,80.0,60.03500124007937,medium (50–80%)
BlokM→Kota,18,14,Monumen Nasional,7.357256854256855,9.885906926406928,43.7791875901876,80.0,54.7239844877345,medium (50–80%)
BlokM→Kota,18,15,Harmoni,9.439831349206347,8.95687003968254,45.17393353174603,80.0,56.46741691468253,medium (50–80%)
BlokM→Kota,18,16,Sawah Besar,11.69717261904762,7.028943452380953,49.8421626984127,80.0,62.30270337301588,medium (50–80%)
BlokM→Kota,18,17,Mangga Besar,11.685876255264011,7.093108195659216,55.42095885973437,80.0,69.27619857466796,medium (50–80%)
BlokM→Kota,18,18,Taman Sari,9.067633928571428,5.4971974206349214,58.66180555555555,80.0,73.32725694444444,medium (50–80%)
BlokM→Kota,18,19,Glodok,11.99097222222222,4.916666666666667,65.73611111111111,80.0,82.17013888888889,high (80–100%)
BlokM→Kota,18,20,Kota,9.806473214285717,10.76200396825397,64.78058035714285,80.0,80.97572544642857,high (80–100%)
BlokM→Kota,18,21,Museum Sejarah Jakarta,8.754964539007092,7.777380952380952,65.80911854103344,80.0,82.2613981762918,high (80–100%)
BlokM→Kota,18,22,Kali Besar,7.60999503968254,5.7722718253968255,66.78571428571429,80.0,83.48214285714286,high (80–100%)
BlokM→Kota,19,1,ASEAN,16.933382936507936,1.914930555555556,43.0187251984127,80.0,53.77340649801587,medium (50–80%)
BlokM→Kota,19,2,Kejaksaan Agung,7.81969246031746,1.2880208333333334,49.55039682539682,80.0,61.937996031746025,medium (50–80%)
BlokM→Kota,19,3,Masjid Agunng,10.150768849206347,2.374751984126984,57.32641369047619,80.0,71.65801711309523,medium (50–80%)
BlokM→Kota,19,4,Bundaran Senayan,9.030555555555557,2.771875,63.58509424603175,80.0,79.4813678075397,medium (50–80%)
BlokM→Kota,19,5,Gelora Bung Karno,9.055704365079364,4.504712301587301,68.1360863095238,80.0,85.17010788690476,high (80–100%)
BlokM→Kota,19,6,Polda Metro Jaya,7.517424886621315,4.528550170068027,69.77893990929705,80.0,87.22367488662131,high (80–100%)
BlokM→Kota,19,7,Bendungan Hilir,6.154445684523809,3.74460790945166,72.26360028860029,80.0,90.32950036075036,high (80–100%)
BlokM→Kota,19,8,Karet,6.225868055555556,4.721031746031746,73.08377976190476,80.0,91.35472470238095,high (80–100%)
BlokM→Kota,19,9,Dukuh Atas 1,5.449851190476191,13.309548611111111,65.22408234126983,80.0,81.53010292658729,high (80–100%)
BlokM→Kota,19,10,Tosari,8.275520833333333,16.525744047619046,56.97385912698413,80.0,71.21732390873017,medium (50–80%)
BlokM→Kota,19,11,Bundaran HI ASTRA,7.723363095238096,16.082093253968253,48.61512896825397,80.0,60.76891121031747,medium (50–80%)
BlokM→Kota,19,12,M.H Thamrin,7.147523223304473,10.219401605339105,49.06016470508658,80.0,61.32520588135822,medium (50–80%)
BlokM→Kota,19,13,Kebon Sirih,8.376033211580086,8.713848304473304,48.72234961219336,80.0,60.9029370152417,medium (50–80%)
BlokM→Kota,19,14,Monumen Nasional,6.760808447672854,8.383434221146086,45.9877051385526,80.0,57.48463142319075,medium (50–80%)
BlokM→Kota,19,15,Harmoni,10.990277777777775,8.496056547619048,45.71041666666667,80.0,57.138020833333336,medium (50–80%)
BlokM→Kota,19,16,Sawah Besar,12.190724206349207,7.108159722222222,50.79298115079365,80.0,63.49122643849206,medium (50–80%)
BlokM→Kota,19,17,Mangga Besar,11.96671335200747,6.962955182072829,56.86349206349206,80.0,71.07936507936508,medium (50–80%)
BlokM→Kota,19,18,Taman Sari,7.831656971500721,5.420632102272728,59.82247418380231,80.0,74.77809272975288,medium (50–80%)
BlokM→Kota,19,19,Glodok,10.634769570707071,5.268585407647907,65.18865834686147,80.0,81.48582293357684,high (80–100%)
BlokM→Kota,19,20,Kota,10.9765447845805,11.259332482993198,64.4391510770975,80.0,80.54893884637188,high (80–100%)
BlokM→Kota,19,21,Museum Sejarah Jakarta,9.422420634920634,8.45334126984127,64.54079365079365,80.0,80.67599206349205,high (80–100%)
BlokM→Kota,19,22,Kali Besar,6.174674603174603,5.936920634920636,65.15559523809524,80.0,81.44449404761906,high (80–100%)
BlokM→Kota,20,1,ASEAN,12.357291666666669,0.9360119047619048,26.499330357142856,80.0,33.12416294642857,low (<50%)
BlokM→Kota,20,2,Kejaksaan Agung,8.788864087301588,0.522594246031746,34.7656001984127,80.0,43.45700024801587,low (<50%)
BlokM→Kota,20,3,Masjid Agunng,14.626314484126985,1.7049851190476188,47.68692956349207,80.0,59.6086619543651,medium (50–80%)
BlokM→Kota,20,4,Bundaran Senayan,13.22673611111111,1.747123015873016,59.16654265873016,80.0,73.9581783234127,medium (50–80%)
BlokM→Kota,20,5,Gelora Bung Karno,9.464583333333334,1.850892857142857,66.78023313492064,80.0,83.4752914186508,high (80–100%)
BlokM→Kota,20,6,Polda Metro Jaya,6.983234126984127,2.491542658730159,71.27192460317461,80.0,89.08990575396827,high (80–100%)
BlokM→Kota,20,7,Bendungan Hilir,5.093303571428572,2.515426587301587,73.84980158730158,80.0,92.31225198412699,high (80–100%)
BlokM→Kota,20,8,Karet,4.026339285714285,2.5297371031746034,75.11341765873016,80.0,93.8917720734127,high (80–100%)
BlokM→Kota,20,9,Dukuh Atas 1,2.986309523809524,8.040376984126985,70.0593501984127,80.0,87.57418774801587,high (80–100%)
BlokM→Kota,20,10,Tosari,4.930729166666667,8.887400793650793,66.10267857142857,80.0,82.62834821428571,high (80–100%)
BlokM→Kota,20,11,Bundaran HI ASTRA,4.711036706349206,8.879290674603174,61.9344246031746,80.0,77.41803075396825,medium (50–80%)
BlokM→Kota,20,12,M.H Thamrin,4.27874503968254,6.8717757936507935,59.34139384920635,80.0,74.17674231150794,medium (50–80%)
BlokM→Kota,20,13,Kebon Sirih,5.645535714285714,5.973040674603175,59.013888888888886,80.0,73.76736111111111,medium (50–80%)
BlokM→Kota,20,14,Monumen Nasional,3.927843915343916,5.194459141681364,56.02885802469136,80.0,70.0360725308642,medium (50–80%)
BlokM→Kota,20,15,Harmoni,4.800988455988456,6.000750360750361,49.72709235209236,80.0,62.15886544011545,medium (50–80%)
BlokM→Kota,20,16,Sawah Besar,6.242410714285715,3.722172619047619,51.43013392857143,80.0,64.28766741071429,medium (50–80%)
BlokM→Kota,20,17,Mangga Besar,6.771552579365079,3.673809523809524,54.52787698412698,80.0,68.15984623015872,medium (50–80%)
BlokM→Kota,20,18,Taman Sari,5.298214285714286,3.3833333333333333,56.44275793650794,80.0,70.55344742063492,medium (50–80%)
BlokM→Kota,20,19,Glodok,6.8993303571428575,3.030332341269841,60.31175595238096,80.0,75.3896949404762,medium (50–80%)
BlokM→Kota,20,20,Kota,5.471024659863946,6.079875283446712,61.01999716553288,80.0,76.2749964569161,medium (50–80%)
BlokM→Kota,20,21,Museum Sejarah Jakarta,5.135554202741703,4.671634311868687,62.13460779671717,80.0,77.66825974589646,medium (50–80%)
BlokM→Kota,20,22,Kali Besar,3.675537634408602,3.464900153609831,62.46402969790067,80.0,78.08003712237583,medium (50–80%)
BlokM→Kota,21,1,ASEAN,12.3125,0.7534722222222222,27.34027777777777,80.0,34.175347222222214,low (<50%)
BlokM→Kota,21,2,Kejaksaan Agung,8.71875,0.84375,35.21527777777778,80.0,44.01909722222223,low (<50%)
BlokM→Kota,21,3,Masjid Agunng,16.006944444444446,1.3680555555555556,49.85416666666666,80.0,62.31770833333332,medium (50–80%)
BlokM→Kota,21,4,Bundaran Senayan,12.361111111111112,2.142361111111111,60.07291666666666,80.0,75.09114583333331,medium (50–80%)
BlokM→Kota,21,5,Gelora Bung Karno,9.065972222222223,2.46875,66.67013888888889,80.0,83.33767361111111,high (80–100%)
BlokM→Kota,21,6,Polda Metro Jaya,6.447916666666667,2.302083333333333,70.81597222222221,80.0,88.51996527777777,high (80–100%)
BlokM→Kota,21,7,Bendungan Hilir,5.145833333333333,1.6631944444444444,74.29861111111111,80.0,92.87326388888889,high (80–100%)
BlokM→Kota,21,8,Karet,3.751066468253968,2.515277777777778,76.22857142857143,80.0,95.28571428571428,high (80–100%)
BlokM→Kota,21,9,Dukuh Atas 1,2.875868055555556,8.231622023809523,70.87281746031746,80.0,88.59102182539684,high (80–100%)
BlokM→Kota,21,10,Tosari,4.566418650793651,8.659201388888889,66.78003472222223,80.0,83.47504340277779,high (80–100%)
BlokM→Kota,21,11,Bundaran HI ASTRA,3.884945436507936,8.311036706349206,62.35394345238095,80.0,77.94242931547619,medium (50–80%)
BlokM→Kota,21,12,M.H Thamrin,4.807936507936508,6.739260912698413,60.42261904761904,80.0,75.5282738095238,medium (50–80%)
BlokM→Kota,21,13,Kebon Sirih,5.414136904761905,5.360466269841269,60.47628968253969,80.0,75.59536210317461,medium (50–80%)
BlokM→Kota,21,14,Monumen Nasional,4.2595238095238095,6.705729166666667,58.03008432539682,80.0,72.53760540674602,medium (50–80%)
BlokM→Kota,21,15,Harmoni,5.785507246376811,5.862189440993789,57.06915113871636,80.0,71.33643892339545,medium (50–80%)
BlokM→Kota,21,16,Sawah Besar,7.000074404761905,4.161185515873016,59.65954861111111,80.0,74.57443576388889,medium (50–80%)
BlokM→Kota,21,17,Mangga Besar,6.400272817460318,3.647668650793651,62.41215277777778,80.0,78.01519097222223,medium (50–80%)
BlokM→Kota,21,18,Taman Sari,6.050520833333334,3.5351934523809523,64.92748015873016,80.0,81.15935019841271,high (80–100%)
BlokM→Kota,21,19,Glodok,6.688293650793651,3.423065476190476,68.19270833333333,80.0,85.24088541666666,high (80–100%)
BlokM→Kota,21,20,Kota,6.752876984126984,6.761135912698413,68.1844494047619,80.0,85.23056175595238,high (80–100%)
BlokM→Kota,21,21,Museum Sejarah Jakarta,5.751388888888889,5.184102182539683,68.75173611111111,80.0,85.93967013888889,high (80–100%)
BlokM→Kota,21,22,Kali Besar,3.2025621118012424,3.107789855072464,69.75898033126293,80.0,87.19872541407867,high (80–100%)
Kota→BlokM,5,1,Museum Sejarah Jakarta,5.547296626984127,2.923685515873016,6.05828373015873,80.0,7.572854662698412,low (<50%)
Kota→BlokM,5,2,Kota,6.9710069444444445,5.473412698412698,7.555877976190477,80.0,9.444847470238097,low (<50%)
Kota→BlokM,5,3,Glodok,3.387276785714286,5.526388888888889,5.416765873015873,80.0,6.770957341269841,low (<50%)
Kota→BlokM,5,4,Taman Sari,3.421329365079365,3.418625992063492,5.4194692460317455,80.0,6.774336557539681,low (<50%)
Kota→BlokM,5,5,Mangga Besar,4.243154761904762,4.159151785714285,5.503472222222222,80.0,6.879340277777778,low (<50%)
Kota→BlokM,5,6,Sawah Besar,4.415079365079365,3.946974206349207,5.9715773809523816,80.0,7.464471726190477,low (<50%)
Kota→BlokM,5,7,Harmoni,6.103242147922999,4.5194782168186425,7.562892603850051,80.0,9.453615754812564,low (<50%)
Kota→BlokM,5,8,Monumen Nasional,6.326388888888889,4.059027777777778,9.708333333333334,80.0,12.135416666666668,low (<50%)
Kota→BlokM,5,9,Kebon Sirih,5.756944444444444,5.545138888888889,9.92013888888889,80.0,12.400173611111112,low (<50%)
Kota→BlokM,5,10,M.H Thamrin,7.857638888888889,3.763888888888889,14.013888888888888,80.0,17.51736111111111,low (<50%)
Kota→BlokM,5,11,Bundaran HI ASTRA,9.225694444444445,4.652777777777778,18.586805555555557,80.0,23.233506944444446,low (<50%)
Kota→BlokM,5,12,Tosari,8.913194444444445,4.934027777777778,22.565972222222225,80.0,28.207465277777782,low (<50%)
Kota→BlokM,5,13,Dukuh Atas 1,9.190972222222223,5.381944444444444,26.375,80.0,32.96875,low (<50%)
Kota→BlokM,5,14,Karet,2.3402777777777777,7.722222222222222,20.993055555555557,80.0,26.241319444444443,low (<50%)
Kota→BlokM,5,15,Bendungan Hilir,1.875,7.125,28.25,80.0,35.3125,low (<50%)
Kota→BlokM,6,1,Museum Sejarah Jakarta,5.064732142857143,2.8153025793650794,5.478968253968255,80.0,6.848710317460319,low (<50%)
Kota→BlokM,6,2,Kota,7.773660714285715,4.8262648809523805,8.426364087301588,80.0,10.532955109126984,low (<50%)
Kota→BlokM,6,3,Glodok,3.2519593253968253,6.588814484126984,5.089508928571429,80.0,6.3618861607142865,low (<50%)
Kota→BlokM,6,4,Taman Sari,3.107936507936508,4.015228174603174,4.1822172619047615,80.0,5.227771577380952,low (<50%)
Kota→BlokM,6,5,Mangga Besar,4.446626984126984,3.589236111111111,5.039608134920635,80.0,6.2995101686507935,low (<50%)
Kota→BlokM,6,6,Sawah Besar,3.958365508365508,3.957303732303732,4.9746138996139,80.0,6.218267374517375,low (<50%)
Kota→BlokM,6,7,Harmoni,5.311688311688312,3.991738816738816,6.325829725829726,80.0,7.907287157287158,low (<50%)
Kota→BlokM,6,8,Monumen Nasional,5.473263888888888,3.631448412698413,8.967981150793651,80.0,11.209976438492063,low (<50%)
Kota→BlokM,6,9,Kebon Sirih,6.379241071428571,4.954910714285714,10.392311507936508,80.0,12.990389384920636,low (<50%)
Kota→BlokM,6,10,M.H Thamrin,5.889409722222222,4.7352678571428575,11.546453373015872,80.0,14.43306671626984,low (<50%)
Kota→BlokM,6,11,Bundaran HI ASTRA,8.066220238095239,4.192311507936508,15.420362103174604,80.0,19.275452628968253,low (<50%)
Kota→BlokM,6,12,Tosari,9.669568452380952,4.388988095238095,20.11796875,80.0,25.1474609375,low (<50%)
Kota→BlokM,6,13,Dukuh Atas 1,8.560230654761904,5.300111607142857,23.37808779761905,80.0,29.22260974702381,low (<50%)
Kota→BlokM,6,14,Karet,2.900652841781874,6.952995391705069,18.459447004608293,80.0,23.074308755760367,low (<50%)
Kota→BlokM,6,15,Bendungan Hilir,2.545616883116883,7.1434523809523816,13.693993506493507,80.0,17.117491883116884,low (<50%)
Kota→BlokM,6,16,Polda Metro Jaya,2.733134920634921,7.243700396825397,11.015674603174602,80.0,13.769593253968255,low (<50%)
Kota→BlokM,6,17,Gelora Bung Karno,2.464980158730159,7.06108630952381,6.419568452380953,80.0,8.024460565476192,low (<50%)
Kota→BlokM,6,18,Bundaran Senayan,2.148735119047619,5.747470238095239,2.8208333333333333,80.0,3.526041666666667,low (<50%)
Kota→BlokM,6,19,Masjid Agunng,1.6361904761904762,2.7383673469387757,1.6361904761904762,80.0,2.045238095238095,low (<50%)
Kota→BlokM,6,20,Kejaksaan Agung,1.1219866071428573,1.6713541666666667,1.1219866071428573,80.0,1.4024832589285714,low (<50%)
Kota→BlokM,6,21,ASEAN,0.436235119047619,1.1219866071428573,0.436235119047619,80.0,0.5452938988095237,low (<50%)
Kota→BlokM,6,22,Blok M,0.0,0.4641975308641975,0.0,80.0,0.0,low (<50%)
Kota→BlokM,7,1,Museum Sejarah Jakarta,4.516468253968254,3.079141865079365,4.841145833333333,80.0,6.051432291666666,low (<50%)
Kota→BlokM,7,2,Kota,5.89077380952381,4.519866071428571,6.212053571428572,80.0,7.765066964285714,low (<50%)
Kota→BlokM,7,3,Glodok,3.141765873015873,5.1387648809523805,4.215054563492063,80.0,5.268818204365079,low (<50%)
Kota→BlokM,7,4,Taman Sari,3.0788690476190474,3.5844494047619047,3.7094742063492063,80.0,4.636842757936508,low (<50%)
Kota→BlokM,7,5,Mangga Besar,4.395436507936508,3.404389880952381,4.700520833333333,80.0,5.875651041666666,low (<50%)
Kota→BlokM,7,6,Sawah Besar,4.036380952380952,4.266309523809524,4.690309523809524,80.0,5.862886904761905,low (<50%)
Kota→BlokM,7,7,Harmoni,5.450496031746032,3.621899801587302,6.530853174603174,80.0,8.163566468253967,low (<50%)
Kota→BlokM,7,8,Monumen Nasional,6.094146825396826,3.1458829365079364,9.02626488095238,80.0,11.282831101190476,low (<50%)
Kota→BlokM,7,9,Kebon Sirih,6.047668650793651,5.172743055555555,9.901190476190475,80.0,12.376488095238095,low (<50%)
Kota→BlokM,7,10,M.H Thamrin,6.965451388888888,4.640550595238095,12.22609126984127,80.0,15.282614087301589,low (<50%)
Kota→BlokM,7,11,Bundaran HI ASTRA,8.480803571428572,4.548487103174604,16.15840773809524,80.0,20.19800967261905,low (<50%)
Kota→BlokM,7,12,Tosari,8.42827380952381,4.525768849206349,20.12237103174603,80.0,25.152963789682538,low (<50%)
Kota→BlokM,7,13,Dukuh Atas 1,8.487847222222223,4.5535218253968255,24.056696428571428,80.0,30.070870535714285,low (<50%)
Kota→BlokM,7,14,Karet,2.158306277056277,6.406493506493507,20.724188311688312,80.0,25.905235389610393,low (<50%)
Kota→BlokM,7,15,Bendungan Hilir,2.0846726190476192,5.902777777777778,16.333630952380954,80.0,20.41703869047619,low (<50%)
Kota→BlokM,7,16,Polda Metro Jaya,2.4429811507936505,6.356125992063492,12.42048611111111,80.0,15.52560763888889,low (<50%)
Kota→BlokM,7,17,Gelora Bung Karno,1.6630675526024363,6.984440753045405,7.038316722037653,80.0,8.797895902547067,low (<50%)
Kota→BlokM,7,18,Bundaran Senayan,2.2391369047619047,6.341331845238095,3.5425223214285717,80.0,4.428152901785714,low (<50%)
Kota→BlokM,7,19,Masjid Agunng,1.5532539682539683,3.096216931216931,1.935,80.0,2.41875,low (<50%)
Kota→BlokM,7,20,Kejaksaan Agung,0.9656994047619047,1.8913194444444443,0.9656994047619047,80.0,1.207124255952381,low (<50%)
Kota→BlokM,7,21,ASEAN,1.0765010351966873,0.9830486542443064,1.0765010351966873,80.0,1.345626293995859,low (<50%)
Kota→BlokM,7,22,Blok M,0.0,0.9784161490683232,0.0,80.0,0.0,low (<50%)
Kota→BlokM,8,1,Museum Sejarah Jakarta,4.315426587301587,2.75421626984127,4.919246031746032,80.0,6.1490575396825395,low (<50%)
Kota→BlokM,8,2,Kota,6.645982142857143,4.647941468253968,6.917286706349207,80.0,8.64660838293651,low (<50%)
Kota→BlokM,8,3,Glodok,3.033581349206349,5.838566468253968,4.112301587301587,80.0,5.140376984126984,low (<50%)
Kota→BlokM,8,4,Taman Sari,3.4993799603174605,3.4444940476190475,4.1671875,80.0,5.208984375,low (<50%)
Kota→BlokM,8,5,Mangga Besar,4.148214285714285,3.353695436507936,4.96170634920635,80.0,6.202132936507937,low (<50%)
Kota→BlokM,8,6,Sawah Besar,4.065881458966565,4.552608915906788,4.813525835866262,80.0,6.016907294832827,low (<50%)
Kota→BlokM,8,7,Harmoni,5.459598214285715,3.591443452380952,6.839112103174603,80.0,8.548890128968253,low (<50%)
Kota→BlokM,8,8,Monumen Nasional,6.238864087301587,3.47921626984127,9.770659722222222,80.0,12.213324652777777,low (<50%)
Kota→BlokM,8,9,Kebon Sirih,6.047296626984127,4.730257936507937,11.087698412698414,80.0,13.859623015873018,low (<50%)
Kota→BlokM,8,10,M.H Thamrin,6.6796875,4.024007936507936,13.743377976190477,80.0,17.179222470238095,low (<50%)
Kota→BlokM,8,11,Bundaran HI ASTRA,8.04094742063492,4.454166666666667,17.33015873015873,80.0,21.66269841269841,low (<50%)
Kota→BlokM,8,12,Tosari,8.450124007936507,4.574553571428571,22.221081349206347,80.0,27.776351686507933,low (<50%)
Kota→BlokM,8,13,Dukuh Atas 1,7.491220238095238,5.883482142857143,23.828819444444445,80.0,29.786024305555557,low (<50%)
Kota→BlokM,8,14,Karet,2.7626984126984127,7.087103174603175,19.565054563492065,80.0,24.456318204365083,low (<50%)
Kota→BlokM,8,15,Bendungan Hilir,2.4210565476190475,8.140897817460317,14.432068452380951,80.0,18.04008556547619,low (<50%)
Kota→BlokM,8,16,Polda Metro Jaya,2.539112103174603,6.499007936507937,10.47217261904762,80.0,13.090215773809527,low (<50%)
Kota→BlokM,8,17,Gelora Bung Karno,2.803142857142857,5.6739523809523815,7.773285714285715,80.0,9.716607142857143,low (<50%)
Kota→BlokM,8,18,Bundaran Senayan,1.8979662698412696,5.363839285714286,2.9372023809523813,80.0,3.6715029761904763,low (<50%)
Kota→BlokM,8,19,Masjid Agunng,1.7325396825396826,2.8172867063492064,1.8524553571428573,80.0,2.3155691964285716,low (<50%)
Kota→BlokM,8,20,Kejaksaan Agung,0.6354414682539683,1.8524553571428573,0.6354414682539683,80.0,0.7943018353174603,low (<50%)
Kota→BlokM,8,21,ASEAN,0.767063492063492,0.6245950761256884,0.767063492063492,80.0,0.9588293650793649,low (<50%)
Kota→BlokM,8,22,Blok M,0.0,0.8353174603174603,0.0,80.0,0.0,low (<50%)
Kota→BlokM,9,1,Museum Sejarah Jakarta,5.774479166666667,4.2295138888888895,6.133035714285715,80.0,7.666294642857144,low (<50%)
Kota→BlokM,9,2,Kota,9.66500496031746,5.837276785714285,9.96076388888889,80.0,12.450954861111112,low (<50%)
Kota→BlokM,9,3,Glodok,3.957589285714286,7.48375496031746,6.434598214285714,80.0,8.043247767857142,low (<50%)
Kota→BlokM,9,4,Taman Sari,4.008382936507936,5.585367063492064,4.857614087301587,80.0,6.072017609126984,low (<50%)
Kota→BlokM,9,5,Mangga Besar,4.89858630952381,4.675496031746032,5.080704365079365,80.0,6.350880456349206,low (<50%)
Kota→BlokM,9,6,Sawah Besar,6.060214833059661,4.5316365626710455,6.303065134099617,80.0,7.8788314176245215,low (<50%)
Kota→BlokM,9,7,Harmoni,8.06178050344717,4.985371859181383,9.043922787970406,80.0,11.304903484963006,low (<50%)
Kota→BlokM,9,8,Monumen Nasional,8.944419642857143,4.017609126984127,14.05441468253968,80.0,17.5680183531746,low (<50%)
Kota→BlokM,9,9,Kebon Sirih,8.189756944444445,7.899950396825397,14.34422123015873,80.0,17.930276537698415,low (<50%)
Kota→BlokM,9,10,M.H Thamrin,10.285391865079363,6.230357142857144,18.39925595238095,80.0,22.99906994047619,low (<50%)
Kota→BlokM,9,11,Bundaran HI ASTRA,11.903695436507936,6.119394841269841,24.183556547619048,80.0,30.22944568452381,low (<50%)
Kota→BlokM,9,12,Tosari,10.92624402507215,6.655503697691198,24.721626420454545,80.0,30.902033025568183,low (<50%)
Kota→BlokM,9,13,Dukuh Atas 1,11.205436056998558,7.895828260281386,28.03123421717172,80.0,35.03904277146464,low (<50%)
Kota→BlokM,9,14,Karet,3.2670056659027247,9.707285035226212,20.955907287157288,80.0,26.19488410894661,low (<50%)
Kota→BlokM,9,15,Bendungan Hilir,2.756539682539682,8.636214285714287,13.339452380952382,80.0,16.674315476190475,low (<50%)
Kota→BlokM,9,16,Polda Metro Jaya,2.6349950396825395,7.251215277777778,9.084573412698411,80.0,11.355716765873014,low (<50%)
Kota→BlokM,9,17,Gelora Bung Karno,3.5315126050420167,7.923856209150327,6.307936507936508,80.0,7.884920634920635,low (<50%)
Kota→BlokM,9,18,Bundaran Senayan,2.155857120310245,5.274974071067821,3.956193069083694,80.0,4.945241336354618,low (<50%)
Kota→BlokM,9,19,Masjid Agunng,1.802187612734488,3.425761521464646,2.332619160353535,80.0,2.9157739504419187,low (<50%)
Kota→BlokM,9,20,Kejaksaan Agung,1.1167963113275614,2.1116060155122653,1.3378094561688312,80.0,1.6722618202110389,low (<50%)
Kota→BlokM,9,21,ASEAN,0.8077575474634299,1.2967553688141924,0.8077575474634299,80.0,1.0096969343292874,low (<50%)
Kota→BlokM,9,22,Blok M,0.0,0.7984204793028322,0.0,80.0,0.0,low (<50%)
Kota→BlokM,10,1,Museum Sejarah Jakarta,6.853397817460318,3.8791666666666655,7.188690476190477,80.0,8.985863095238097,low (<50%)
Kota→BlokM,10,2,Kota,10.373561507936508,6.887624007936508,10.674627976190475,80.0,13.343284970238095,low (<50%)
Kota→BlokM,10,3,Glodok,4.744791666666667,8.695337301587301,6.724082341269842,80.0,8.405102926587302,low (<50%)
Kota→BlokM,10,4,Taman Sari,3.9785962301587294,5.251984126984127,5.450694444444444,80.0,6.8133680555555545,low (<50%)
Kota→BlokM,10,5,Mangga Besar,5.808010912698413,5.06031746031746,6.198387896825397,80.0,7.747984871031746,low (<50%)
Kota→BlokM,10,6,Sawah Besar,5.156646825396826,5.568923611111111,5.786111111111111,80.0,7.23263888888889,low (<50%)
Kota→BlokM,10,7,Harmoni,6.907288629737609,4.970456754130224,7.705247813411079,80.0,9.631559766763848,low (<50%)
Kota→BlokM,10,8,Monumen Nasional,8.31185515873016,4.912748015873016,11.624503968253968,80.0,14.530629960317459,low (<50%)
Kota→BlokM,10,9,Kebon Sirih,8.289409722222222,6.992113095238095,12.921800595238096,80.0,16.15225074404762,low (<50%)
Kota→BlokM,10,10,M.H Thamrin,9.679191468253968,6.880927579365079,15.720064484126985,80.0,19.65008060515873,low (<50%)
Kota→BlokM,10,11,Bundaran HI ASTRA,12.361086309523808,6.610119047619048,21.471031746031745,80.0,26.838789682539684,low (<50%)
Kota→BlokM,10,12,Tosari,11.23345734126984,6.750446428571428,25.95404265873016,80.0,32.442553323412696,low (<50%)
Kota→BlokM,10,13,Dukuh Atas 1,11.83048115079365,7.451339285714286,30.333184523809525,80.0,37.916480654761905,low (<50%)
Kota→BlokM,10,14,Karet,3.386637512147716,9.892419825072889,23.234645286686103,80.0,29.04330660835763,low (<50%)
Kota→BlokM,10,15,Bendungan Hilir,3.2966984126984125,7.797325396825397,20.457301587301583,80.0,25.571626984126976,low (<50%)
Kota→BlokM,10,16,Polda Metro Jaya,2.926810515873016,8.740054563492064,14.34419642857143,80.0,17.93024553571429,low (<50%)
Kota→BlokM,10,17,Gelora Bung Karno,3.763045634920635,9.652256944444444,8.454985119047619,80.0,10.568731398809524,low (<50%)
Kota→BlokM,10,18,Bundaran Senayan,2.380282738095238,7.453968253968253,3.3812996031746034,80.0,4.226624503968254,low (<50%)
Kota→BlokM,10,19,Masjid Agunng,2.085987103174603,3.3812996031746034,2.085987103174603,80.0,2.607483878968254,low (<50%)
Kota→BlokM,10,20,Kejaksaan Agung,0.9626984126984128,2.085987103174603,0.9626984126984128,80.0,1.203373015873016,low (<50%)
Kota→BlokM,10,21,ASEAN,0.9510613042871108,1.0968259786808174,0.9510613042871108,80.0,1.1888266303588884,low (<50%)
Kota→BlokM,10,22,Blok M,0.0,0.8451889585510275,0.0,80.0,0.0,low (<50%)
Kota→BlokM,11,1,Museum Sejarah Jakarta,7.242410714285715,3.952802579365079,7.425917658730159,80.0,9.2823970734127,low (<50%)
Kota→BlokM,11,2,Kota,10.354960317460318,7.269692460317461,10.511185515873017,80.0,13.13898189484127,low (<50%)
Kota→BlokM,11,3,Glodok,5.424776785714286,8.9984375,6.937524801587301,80.0,8.671906001984127,low (<50%)
Kota→BlokM,11,4,Taman Sari,5.016369047619048,5.700198412698413,6.253695436507936,80.0,7.817119295634919,low (<50%)
Kota→BlokM,11,5,Mangga Besar,6.217782738095238,5.561135912698412,6.910342261904762,80.0,8.637927827380953,low (<50%)
Kota→BlokM,11,6,Sawah Besar,5.513740079365079,6.035317460317461,6.3887648809523805,80.0,7.985956101190475,low (<50%)
Kota→BlokM,11,7,Harmoni,8.557986111111111,5.452951388888889,9.493799603174605,80.0,11.867249503968255,low (<50%)
Kota→BlokM,11,8,Monumen Nasional,9.067559523809525,4.59451884920635,13.037996031746031,80.0,16.297495039682538,low (<50%)
Kota→BlokM,11,9,Kebon Sirih,8.259920634920634,7.753100198412699,13.544816468253968,80.0,16.931020585317462,low (<50%)
Kota→BlokM,11,10,M.H Thamrin,11.764632936507937,6.9715773809523816,18.337872023809524,80.0,22.922340029761905,low (<50%)
Kota→BlokM,11,11,Bundaran HI ASTRA,13.613789682539682,6.207961309523809,25.7437003968254,80.0,32.17962549603175,low (<50%)
Kota→BlokM,11,12,Tosari,12.811210317460317,6.560689484126985,31.99422123015873,80.0,39.99277653769841,low (<50%)
Kota→BlokM,11,13,Dukuh Atas 1,12.332415674603174,8.237450396825396,36.08918650793651,80.0,45.11148313492064,low (<50%)
Kota→BlokM,11,14,Karet,3.1269097222222224,11.29253472222222,27.92356150793651,80.0,34.90445188492063,low (<50%)
Kota→BlokM,11,15,Bendungan Hilir,3.3057844932844933,11.058585164835163,17.84988553113553,80.0,22.312356913919412,low (<50%)
Kota→BlokM,11,16,Polda Metro Jaya,3.9272073412698414,8.466195436507936,13.397296626984128,80.0,16.746620783730158,low (<50%)
Kota→BlokM,11,17,Gelora Bung Karno,3.0563492063492066,8.690252976190477,7.763392857142858,80.0,9.704241071428573,low (<50%)
Kota→BlokM,11,18,Bundaran Senayan,3.633878968253968,5.998288690476191,5.398983134920635,80.0,6.748728918650794,low (<50%)
Kota→BlokM,11,19,Masjid Agunng,2.5875744047619045,5.220039682539682,2.766517857142857,80.0,3.4581473214285716,low (<50%)
Kota→BlokM,11,20,Kejaksaan Agung,1.056969246031746,2.766517857142857,1.056969246031746,80.0,1.3212115575396823,low (<50%)
Kota→BlokM,11,21,ASEAN,1.3558035714285712,1.056969246031746,1.3558035714285712,80.0,1.6947544642857142,low (<50%)
Kota→BlokM,11,22,Blok M,0.0,1.4353982951205173,0.0,80.0,0.0,low (<50%)
Kota→BlokM,12,1,Museum Sejarah Jakarta,7.403943452380953,4.651066468253968,7.516815476190477,80.0,9.396019345238097,low (<50%)
Kota→BlokM,12,2,Kota,8.4609375,7.189558531746031,8.788194444444445,80.0,10.985243055555555,low (<50%)
Kota→BlokM,12,3,Glodok,4.246304563492063,8.428323412698413,4.606175595238095,80.0,5.757719494047618,low (<50%)
Kota→BlokM,12,4,Taman Sari,4.120535714285714,4.219593253968254,4.507118055555556,80.0,5.633897569444445,low (<50%)
Kota→BlokM,12,5,Mangga Besar,5.819171626984127,4.319047619047619,6.007242063492064,80.0,7.50905257936508,low (<50%)
Kota→BlokM,12,6,Sawah Besar,6.286780753968254,5.800917658730159,6.493105158730159,80.0,8.1163814484127,low (<50%)
Kota→BlokM,12,7,Harmoni,8.836980749746708,5.245567375886525,10.063095238095238,80.0,12.57886904761905,low (<50%)
Kota→BlokM,12,8,Monumen Nasional,8.971081349206349,4.701240079365079,14.432539682539684,80.0,18.040674603174605,low (<50%)
Kota→BlokM,12,9,Kebon Sirih,9.301686507936507,8.3765376984127,15.357688492063494,80.0,19.197110615079367,low (<50%)
Kota→BlokM,12,10,M.H Thamrin,10.927703373015872,7.576835317460318,18.708556547619047,80.0,23.385695684523807,low (<50%)
Kota→BlokM,12,11,Bundaran HI ASTRA,13.897123015873015,6.081597222222222,26.524082341269843,80.0,33.155102926587304,low (<50%)
Kota→BlokM,12,12,Tosari,13.229513888888889,7.187847222222222,32.56574900793651,80.0,40.70718625992063,low (<50%)
Kota→BlokM,12,13,Dukuh Atas 1,12.01547619047619,8.226612103174604,36.35461309523809,80.0,45.44326636904762,low (<50%)
Kota→BlokM,12,14,Karet,3.458804563492064,10.489880952380952,29.32353670634921,80.0,36.65442088293651,low (<50%)
Kota→BlokM,12,15,Bendungan Hilir,3.1679112554112554,9.34272186147186,22.20051406926407,80.0,27.75064258658009,low (<50%)
Kota→BlokM,12,16,Polda Metro Jaya,3.273115079365079,10.389707341269842,14.04315476190476,80.0,17.55394345238095,low (<50%)
Kota→BlokM,12,17,Gelora Bung Karno,3.750173611111111,10.697098214285717,7.096230158730158,80.0,8.870287698412698,low (<50%)
Kota→BlokM,12,18,Bundaran Senayan,2.994122023809524,6.362177579365079,3.7281746031746033,80.0,4.660218253968254,low (<50%)
Kota→BlokM,12,19,Masjid Agunng,2.323933531746032,3.7281746031746033,2.323933531746032,80.0,2.90491691468254,low (<50%)
Kota→BlokM,12,20,Kejaksaan Agung,1.2995535714285713,2.323933531746032,1.2995535714285713,80.0,1.6244419642857142,low (<50%)
Kota→BlokM,12,21,ASEAN,0.8955605158730159,1.2995535714285713,0.8955605158730159,80.0,1.11945064484127,low (<50%)
Kota→BlokM,12,22,Blok M,0.0,0.8576965669988925,0.0,80.0,0.0,low (<50%)
Kota→BlokM,13,1,Museum Sejarah Jakarta,6.722643849206349,4.660590277777778,6.829637896825397,80.0,8.537047371031745,low (<50%)
Kota→BlokM,13,2,Kota,9.41423611111111,6.681026785714285,9.562847222222222,80.0,11.953559027777779,low (<50%)
Kota→BlokM,13,3,Glodok,5.222718253968254,7.895709325396825,6.889856150793651,80.0,8.612320188492065,low (<50%)
Kota→BlokM,13,4,Taman Sari,4.401314484126984,5.959623015873016,5.331547619047619,80.0,6.664434523809523,low (<50%)
Kota→BlokM,13,5,Mangga Besar,5.934399801587301,4.833829365079365,6.432118055555556,80.0,8.040147569444445,low (<50%)
Kota→BlokM,13,6,Sawah Besar,5.493501984126984,5.844841269841269,6.08077876984127,80.0,7.600973462301589,low (<50%)
Kota→BlokM,13,7,Harmoni,9.21137026239067,5.56324101068999,9.73862973760933,80.0,12.173287172011662,low (<50%)
Kota→BlokM,13,8,Monumen Nasional,8.23452380952381,5.4512648809523805,12.087872023809524,80.0,15.109840029761907,low (<50%)
Kota→BlokM,13,9,Kebon Sirih,9.160763888888887,7.694791666666667,13.553844246031746,80.0,16.94230530753968,low (<50%)
Kota→BlokM,13,10,M.H Thamrin,10.331299603174603,6.972619047619048,16.912524801587303,80.0,21.14065600198413,low (<50%)
Kota→BlokM,13,11,Bundaran HI ASTRA,14.11356646825397,7.344965277777778,23.68112599206349,80.0,29.601407490079364,low (<50%)
Kota→BlokM,13,12,Tosari,13.460094246031746,7.383110119047619,29.75811011904762,80.0,37.197637648809526,low (<50%)
Kota→BlokM,13,13,Dukuh Atas 1,11.30064484126984,8.895386904761905,32.16336805555556,80.0,40.20421006944444,low (<50%)
Kota→BlokM,13,14,Karet,3.2419452887537994,11.267401215805473,23.988779128672743,80.0,29.98597391084093,low (<50%)
Kota→BlokM,13,15,Bendungan Hilir,3.6261985746679626,11.09165856818918,19.923056365403305,80.0,24.90382045675413,low (<50%)
Kota→BlokM,13,16,Polda Metro Jaya,2.816964285714286,10.05592757936508,13.099082341269842,80.0,16.3738529265873,low (<50%)
Kota→BlokM,13,17,Gelora Bung Karno,3.372693452380952,8.912475198412698,7.559300595238096,80.0,9.449125744047619,low (<50%)
Kota→BlokM,13,18,Bundaran Senayan,2.450049603174603,6.856622023809524,3.1527281746031743,80.0,3.940910218253968,low (<50%)
Kota→BlokM,13,19,Masjid Agunng,2.390848214285714,3.1527281746031743,2.390848214285714,80.0,2.9885602678571423,low (<50%)
Kota→BlokM,13,20,Kejaksaan Agung,0.8808531746031746,2.390848214285714,0.8808531746031746,80.0,1.1010664682539684,low (<50%)
Kota→BlokM,13,21,ASEAN,1.2365823412698411,0.8808531746031746,1.2365823412698411,80.0,1.5457279265873014,low (<50%)
Kota→BlokM,13,22,Blok M,0.0,1.1485863095238096,0.0,80.0,0.0,low (<50%)
Kota→BlokM,14,1,Museum Sejarah Jakarta,7.785763888888888,4.993204365079365,7.975049603174603,80.0,9.968812003968255,low (<50%)
Kota→BlokM,14,2,Kota,8.977480158730158,7.5381696428571425,9.41436011904762,80.0,11.767950148809526,low (<50%)
Kota→BlokM,14,3,Glodok,5.407018849206349,8.163864087301588,6.657514880952381,80.0,8.321893601190476,low (<50%)
Kota→BlokM,14,4,Taman Sari,4.491592261904762,5.326413690476191,5.822693452380952,80.0,7.278366815476191,low (<50%)
Kota→BlokM,14,5,Mangga Besar,5.613839285714286,5.113516865079365,6.323015873015873,80.0,7.903769841269841,low (<50%)
Kota→BlokM,14,6,Sawah Besar,5.7541914682539685,5.683506944444445,6.393700396825397,80.0,7.992125496031746,low (<50%)
Kota→BlokM,14,7,Harmoni,8.076501035196687,5.229528985507247,9.097463768115942,80.0,11.371829710144928,low (<50%)
Kota→BlokM,14,8,Monumen Nasional,9.371750992063491,5.898189484126984,12.84935515873016,80.0,16.0616939484127,low (<50%)
Kota→BlokM,14,9,Kebon Sirih,8.98201884920635,9.318204365079366,12.513169642857145,80.0,15.64146205357143,low (<50%)
Kota→BlokM,14,10,M.H Thamrin,9.631969246031746,6.998561507936508,15.14657738095238,80.0,18.933221726190474,low (<50%)
Kota→BlokM,14,11,Bundaran HI ASTRA,13.177579365079366,7.29828869047619,21.02586805555556,80.0,26.28233506944445,low (<50%)
Kota→BlokM,14,12,Tosari,13.348462301587302,7.1460317460317455,27.22829861111111,80.0,34.03537326388889,low (<50%)
Kota→BlokM,14,13,Dukuh Atas 1,12.70295138888889,8.13921130952381,31.79203869047619,80.0,39.74004836309524,low (<50%)
Kota→BlokM,14,14,Karet,3.503943958535795,9.85292355037253,25.4549400712666,80.0,31.81867508908325,low (<50%)
Kota→BlokM,14,15,Bendungan Hilir,3.602926587301587,11.898958333333333,18.506051587301588,80.0,23.132564484126984,low (<50%)
Kota→BlokM,14,16,Polda Metro Jaya,3.2930803571428573,10.08015873015873,11.839955357142856,80.0,14.79994419642857,low (<50%)
Kota→BlokM,14,17,Gelora Bung Karno,3.414236111111111,8.972420634920635,6.281770833333333,80.0,7.852213541666667,low (<50%)
Kota→BlokM,14,18,Bundaran Senayan,2.870610119047619,6.212921626984127,2.9394593253968253,80.0,3.6743241567460316,low (<50%)
Kota→BlokM,14,19,Masjid Agunng,2.5139632936507934,2.9394593253968253,2.5139632936507934,80.0,3.1424541170634916,low (<50%)
Kota→BlokM,14,20,Kejaksaan Agung,1.3137400793650793,2.5139632936507934,1.3137400793650793,80.0,1.6421750992063493,low (<50%)
Kota→BlokM,14,21,ASEAN,1.3651289682539682,1.3137400793650793,1.3651289682539682,80.0,1.7064112103174605,low (<50%)
Kota→BlokM,14,22,Blok M,0.0,1.3423330338424675,0.0,80.0,0.0,low (<50%)
Kota→BlokM,15,1,Museum Sejarah Jakarta,7.433432539682539,5.490674603174603,7.693650793650794,80.0,9.617063492063492,low (<50%)
Kota→BlokM,15,2,Kota,11.41108630952381,7.4246775793650786,11.680059523809524,80.0,14.600074404761903,low (<50%)
Kota→BlokM,15,3,Glodok,5.352405753968253,9.93013392857143,7.102331349206349,80.0,8.877914186507937,low (<50%)
Kota→BlokM,15,4,Taman Sari,5.108878968253968,6.1387648809523805,6.0724454365079366,80.0,7.59055679563492,low (<50%)
Kota→BlokM,15,5,Mangga Besar,7.074231150793651,5.774702380952381,7.371974206349207,80.0,9.214967757936508,low (<50%)
Kota→BlokM,15,6,Sawah Besar,5.967460317460318,6.678249007936508,6.661185515873016,80.0,8.32648189484127,low (<50%)
Kota→BlokM,15,7,Harmoni,9.579555555555554,6.233365079365079,10.181444444444445,80.0,12.726805555555556,low (<50%)
Kota→BlokM,15,8,Monumen Nasional,9.372222222222222,5.92703373015873,12.924975198412698,80.0,16.156218998015873,low (<50%)
Kota→BlokM,15,9,Kebon Sirih,10.362127976190475,8.854241071428572,14.432862103174603,80.0,18.041077628968257,low (<50%)
Kota→BlokM,15,10,M.H Thamrin,11.295758928571429,8.167137896825396,17.561483134920636,80.0,21.951853918650794,low (<50%)
Kota→BlokM,15,11,Bundaran HI ASTRA,14.869667658730158,6.793551587301587,25.637599206349208,80.0,32.04699900793651,low (<50%)
Kota→BlokM,15,12,Tosari,14.10595238095238,7.437624007936507,32.30592757936508,80.0,40.382409474206355,low (<50%)
Kota→BlokM,15,13,Dukuh Atas 1,13.03529265873016,9.026909722222223,36.31431051587302,80.0,45.39288814484127,low (<50%)
Kota→BlokM,15,14,Karet,4.389781746031746,11.901835317460318,28.802256944444448,80.0,36.002821180555564,low (<50%)
Kota→BlokM,15,15,Bendungan Hilir,4.151437389770723,11.166040564373898,19.665449735449734,80.0,24.581812169312165,low (<50%)
Kota→BlokM,15,16,Polda Metro Jaya,3.9032738095238098,10.598958333333334,11.937425595238096,80.0,14.92178199404762,low (<50%)
Kota→BlokM,15,17,Gelora Bung Karno,3.724330357142857,9.441319444444444,6.220436507936508,80.0,7.775545634920636,low (<50%)
Kota→BlokM,15,18,Bundaran Senayan,3.2735863095238096,6.066418650793651,3.427604166666667,80.0,4.284505208333334,low (<50%)
Kota→BlokM,15,19,Masjid Agunng,2.344295634920635,3.427604166666667,2.344295634920635,80.0,2.930369543650794,low (<50%)
Kota→BlokM,15,20,Kejaksaan Agung,1.331125992063492,2.344295634920635,1.331125992063492,80.0,1.663907490079365,low (<50%)
Kota→BlokM,15,21,ASEAN,1.0713541666666666,1.331125992063492,1.0713541666666666,80.0,1.3391927083333333,low (<50%)
Kota→BlokM,15,22,Blok M,0.0,1.0914814814814815,0.0,80.0,0.0,low (<50%)
Kota→BlokM,16,1,Museum Sejarah Jakarta,10.21780753968254,5.834102182539684,10.752852182539684,80.0,13.441065228174603,low (<50%)
Kota→BlokM,16,2,Kota,13.610267857142857,10.42001488095238,13.943105158730155,80.0,17.428881448412696,low (<50%)
Kota→BlokM,16,3,Glodok,6.777728174603175,12.436334325396826,8.284499007936509,80.0,10.355623759920636,low (<50%)
Kota→BlokM,16,4,Taman Sari,7.345089285714285,7.4741567460317455,8.155431547619047,80.0,10.19428943452381,low (<50%)
Kota→BlokM,16,5,Mangga Besar,9.15672123015873,7.964781746031746,9.34737103174603,80.0,11.684213789682538,low (<50%)
Kota→BlokM,16,6,Sawah Besar,10.616988416988416,9.510778635778635,11.081595881595884,80.0,13.851994851994856,low (<50%)
Kota→BlokM,16,7,Harmoni,14.46049107142857,9.941629464285716,16.144456845238096,80.0,20.18057105654762,low (<50%)
Kota→BlokM,16,8,Monumen Nasional,13.618377976190477,7.637921626984127,18.59615575396825,80.0,23.245194692460313,low (<50%)
Kota→BlokM,16,9,Kebon Sirih,14.146800595238096,11.425372023809524,21.317584325396822,80.0,26.646980406746028,low (<50%)
Kota→BlokM,16,10,M.H Thamrin,15.96996527777778,10.17797619047619,27.109573412698413,80.0,33.88696676587302,low (<50%)
Kota→BlokM,16,11,Bundaran HI ASTRA,19.75012400793651,10.6656001984127,36.19409722222222,80.0,45.24262152777777,low (<50%)
Kota→BlokM,16,12,Tosari,19.857804232804234,12.302149470899472,46.83290343915344,80.0,58.5411292989418,medium (50–80%)
Kota→BlokM,16,13,Dukuh Atas 1,17.789471726190477,13.379724702380951,52.34378720238095,80.0,65.42973400297619,medium (50–80%)
Kota→BlokM,16,14,Karet,4.922172619047619,18.08545386904762,39.18050595238096,80.0,48.975632440476204,low (<50%)
Kota→BlokM,16,15,Bendungan Hilir,5.927860449735451,15.96474041005291,21.71990740740741,80.0,27.14988425925926,low (<50%)
Kota→BlokM,16,16,Polda Metro Jaya,5.080828373015873,14.297693452380951,13.258234126984128,80.0,16.572792658730158,low (<50%)
Kota→BlokM,16,17,Gelora Bung Karno,6.194940476190475,11.9890128968254,7.4641617063492065,80.0,9.330202132936508,low (<50%)
Kota→BlokM,16,18,Bundaran Senayan,4.232366071428571,7.326661706349206,4.369866071428572,80.0,5.462332589285715,low (<50%)
Kota→BlokM,16,19,Masjid Agunng,3.748887163561077,4.526164596273292,3.748887163561077,80.0,4.686108954451346,low (<50%)
Kota→BlokM,16,20,Kejaksaan Agung,1.833556547619048,4.402566964285715,1.833556547619048,80.0,2.2919456845238098,low (<50%)
Kota→BlokM,16,21,ASEAN,1.706547619047619,1.833556547619048,1.706547619047619,80.0,2.1331845238095237,low (<50%)
Kota→BlokM,16,22,Blok M,0.0,1.413131313131313,0.0,80.0,0.0,low (<50%)
Kota→BlokM,17,1,Museum Sejarah Jakarta,14.970238095238097,10.75483630952381,15.092559523809523,80.0,18.865699404761905,low (<50%)
Kota→BlokM,17,2,Kota,21.122941468253966,15.0359126984127,21.17958829365079,80.0,26.474485367063487,low (<50%)
Kota→BlokM,17,3,Glodok,10.404489087301586,20.108705357142856,11.475372023809523,80.0,14.344215029761903,low (<50%)
Kota→BlokM,17,4,Taman Sari,10.260664682539682,11.278720238095238,10.45731646825397,80.0,13.071645585317462,low (<50%)
Kota→BlokM,17,5,Mangga Besar,13.687996031746032,10.45731646825397,13.687996031746032,80.0,17.10999503968254,low (<50%)
Kota→BlokM,17,6,Sawah Besar,11.882674603174603,11.60076984126984,12.036936507936508,80.0,15.046170634920635,low (<50%)
Kota→BlokM,17,7,Harmoni,18.823176291793317,11.103419452887538,18.94169199594732,80.0,23.67711499493415,low (<50%)
Kota→BlokM,17,8,Monumen Nasional,20.45084325396825,13.341145833333334,25.82958829365079,80.0,32.28698536706349,low (<50%)
Kota→BlokM,17,9,Kebon Sirih,19.38167162698413,17.968526785714285,27.24273313492064,80.0,34.0534164186508,low (<50%)
Kota→BlokM,17,10,M.H Thamrin,24.08965773809524,15.986855158730158,35.34553571428571,80.0,44.18191964285714,low (<50%)
Kota→BlokM,17,11,Bundaran HI ASTRA,27.109449404761904,15.305729166666666,47.14925595238095,80.0,58.93656994047618,medium (50–80%)
Kota→BlokM,17,12,Tosari,27.428327922077923,15.479356060606062,49.88249458874459,80.0,62.35311823593074,medium (50–80%)
Kota→BlokM,17,13,Dukuh Atas 1,23.200992063492063,19.19310515873016,53.37256944444445,80.0,66.71571180555557,medium (50–80%)
Kota→BlokM,17,14,Karet,8.368737060041408,23.759704968944103,37.80434782608695,80.0,47.25543478260869,low (<50%)
Kota→BlokM,17,15,Bendungan Hilir,7.338690476190476,23.271040372670807,22.214855072463767,80.0,27.76856884057971,low (<50%)
Kota→BlokM,17,16,Polda Metro Jaya,7.419122023809524,19.75431547619048,10.8265625,80.0,13.533203124999998,low (<50%)
Kota→BlokM,17,17,Gelora Bung Karno,7.540812629399586,10.89873188405797,7.540812629399586,80.0,9.426015786749483,low (<50%)
Kota→BlokM,17,18,Bundaran Senayan,6.308147321428572,6.848251488095238,6.308147321428572,80.0,7.885184151785715,low (<50%)
Kota→BlokM,17,19,Masjid Agunng,5.506477591036415,5.701785714285714,5.506477591036415,80.0,6.8830969887955185,low (<50%)
Kota→BlokM,17,20,Kejaksaan Agung,2.4291914682539684,4.391195436507936,2.4291914682539684,80.0,3.0364893353174605,low (<50%)
Kota→BlokM,17,21,ASEAN,2.9122593718338403,2.4149442755825734,2.9122593718338403,80.0,3.6403242147923,low (<50%)
Kota→BlokM,17,22,Blok M,0.0,2.5634575569358176,0.0,80.0,0.0,low (<50%)
Kota→BlokM,18,1,Museum Sejarah Jakarta,16.02264384920635,9.76783234126984,16.130332341269842,80.0,20.162915426587304,low (<50%)
Kota→BlokM,18,2,Kota,21.111359126984127,15.998660714285714,21.24303075396825,80.0,26.553788442460313,low (<50%)
Kota→BlokM,18,3,Glodok,10.54640376984127,19.95483630952381,11.834598214285714,80.0,14.793247767857142,low (<50%)
Kota→BlokM,18,4,Taman Sari,10.38263888888889,11.535491071428572,10.681746031746032,80.0,13.35218253968254,low (<50%)
Kota→BlokM,18,5,Mangga Besar,12.246453373015871,10.474875992063492,12.453323412698412,80.0,15.566654265873014,low (<50%)
Kota→BlokM,18,6,Sawah Besar,11.750661375661377,12.528783068783069,11.945873015873016,80.0,14.93234126984127,low (<50%)
Kota→BlokM,18,7,Harmoni,17.880336896663426,12.346274700356334,18.14391804340784,80.0,22.6798975542598,low (<50%)
Kota→BlokM,18,8,Monumen Nasional,19.27440476190476,12.768328373015876,25.632118055555555,80.0,32.04014756944444,low (<50%)
Kota→BlokM,18,9,Kebon Sirih,19.0859623015873,17.624280753968254,27.0937996031746,80.0,33.86724950396825,low (<50%)
Kota→BlokM,18,10,M.H Thamrin,24.208209325396822,14.10892857142857,37.19308035714285,80.0,46.491350446428555,low (<50%)
Kota→BlokM,18,11,Bundaran HI ASTRA,26.432961309523808,15.401165674603176,48.22487599206349,80.0,60.28109499007937,medium (50–80%)
Kota→BlokM,18,12,Tosari,24.341840277777777,15.1687251984127,59.1234126984127,80.0,73.90426587301587,medium (50–80%)
Kota→BlokM,18,13,Dukuh Atas 1,18.663392857142856,18.20176091269841,59.58504464285715,80.0,74.48130580357144,medium (50–80%)
Kota→BlokM,18,14,Karet,7.339044168391995,23.10673740510697,44.39169254658385,80.0,55.48961568322981,medium (50–80%)
Kota→BlokM,18,15,Bendungan Hilir,7.02358630952381,21.822123015873014,28.575620039682537,80.0,35.71952504960317,low (<50%)
Kota→BlokM,18,16,Polda Metro Jaya,7.74655257936508,22.728373015873014,13.593799603174602,80.0,16.992249503968253,low (<50%)
Kota→BlokM,18,17,Gelora Bung Karno,8.14451884920635,12.919940476190476,8.378819444444444,80.0,10.473524305555555,low (<50%)
Kota→BlokM,18,18,Bundaran Senayan,6.548462301587303,9.278323412698413,6.548462301587303,80.0,8.18557787698413,low (<50%)
Kota→BlokM,18,19,Masjid Agunng,5.709920634920635,6.548462301587303,5.709920634920635,80.0,7.137400793650793,low (<50%)
Kota→BlokM,18,20,Kejaksaan Agung,2.931001984126984,5.709920634920635,2.931001984126984,80.0,3.6637524801587302,low (<50%)
Kota→BlokM,18,21,ASEAN,3.016843971631205,2.9446048632218846,3.016843971631205,80.0,3.7710549645390063,low (<50%)
Kota→BlokM,18,22,Blok M,0.0,3.2635079365079367,0.0,80.0,0.0,low (<50%)
Kota→BlokM,19,1,Museum Sejarah Jakarta,17.20751488095238,10.367063492063492,17.301661706349204,80.0,21.627077132936506,low (<50%)
Kota→BlokM,19,2,Kota,21.040525793650797,17.183531746031747,21.15865575396825,80.0,26.448319692460316,low (<50%)
Kota→BlokM,19,3,Glodok,10.468849206349208,18.92720734126984,12.70029761904762,80.0,15.875372023809526,low (<50%)
Kota→BlokM,19,4,Taman Sari,10.16061507936508,11.729960317460318,11.13095238095238,80.0,13.913690476190474,low (<50%)
Kota→BlokM,19,5,Mangga Besar,13.228125,11.13095238095238,13.228125,80.0,16.53515625,low (<50%)
Kota→BlokM,19,6,Sawah Besar,12.380414862914863,13.012234848484848,12.79871572871573,80.0,15.998394660894661,low (<50%)
Kota→BlokM,19,7,Harmoni,18.811653363997117,11.719173881673882,19.459717149170277,80.0,24.324646436462846,low (<50%)
Kota→BlokM,19,8,Monumen Nasional,18.5089407191448,11.963483965014577,24.96477162293489,80.0,31.205964528668613,low (<50%)
Kota→BlokM,19,9,Kebon Sirih,19.543625992063493,17.529761904761905,27.02180059523809,80.0,33.77725074404761,low (<50%)
Kota→BlokM,19,10,M.H Thamrin,23.1687003968254,14.773834325396823,35.416666666666664,80.0,44.27083333333333,low (<50%)
Kota→BlokM,19,11,Bundaran HI ASTRA,28.17864583333333,16.69451884920635,46.90079365079365,80.0,58.62599206349206,medium (50–80%)
Kota→BlokM,19,12,Tosari,25.358001330266955,14.919732481060606,58.60810448232324,80.0,73.26013060290406,medium (50–80%)
Kota→BlokM,19,13,Dukuh Atas 1,18.36620670995671,18.07533369408369,58.898977498196246,80.0,73.6237218727453,medium (50–80%)
Kota→BlokM,19,14,Karet,7.890858843537415,21.451318027210885,44.94153911564626,80.0,56.17692389455782,medium (50–80%)
Kota→BlokM,19,15,Bendungan Hilir,8.299032738095239,22.782291666666666,31.18844246031746,80.0,38.98555307539683,low (<50%)
Kota→BlokM,19,16,Polda Metro Jaya,7.384424603174604,23.098859126984127,15.474007936507936,80.0,19.34250992063492,low (<50%)
Kota→BlokM,19,17,Gelora Bung Karno,8.641333333333334,15.295714285714286,8.667404761904763,80.0,10.834255952380953,low (<50%)
Kota→BlokM,19,18,Bundaran Senayan,5.813560267857143,8.065441806457432,5.813560267857143,80.0,7.266950334821429,low (<50%)
Kota→BlokM,19,19,Masjid Agunng,5.166785601551227,5.813560267857143,5.166785601551227,80.0,6.458482001939034,low (<50%)
Kota→BlokM,19,20,Kejaksaan Agung,2.9762043998886107,5.231878306878308,2.9762043998886107,80.0,3.7202554998607633,low (<50%)
Kota→BlokM,19,21,ASEAN,2.27218253968254,2.9338095238095234,2.27218253968254,80.0,2.840228174603175,low (<50%)
Kota→BlokM,19,22,Blok M,0.0,2.3303698074974672,0.0,80.0,0.0,low (<50%)
Kota→BlokM,20,1,Museum Sejarah Jakarta,4.061582341269841,2.926438492063492,4.509895833333333,80.0,5.637369791666667,low (<50%)
Kota→BlokM,20,2,Kota,6.5087053571428575,4.238194444444445,6.780406746031747,80.0,8.475508432539684,low (<50%)
Kota→BlokM,20,3,Glodok,3.2872271825396826,5.329191468253968,4.738442460317461,80.0,5.923053075396826,low (<50%)
Kota→BlokM,20,4,Taman Sari,2.80359623015873,3.3849702380952382,4.157068452380952,80.0,5.19633556547619,low (<50%)
Kota→BlokM,20,5,Mangga Besar,3.6635168650793655,3.776810515873016,4.043774801587301,80.0,5.0547185019841265,low (<50%)
Kota→BlokM,20,6,Sawah Besar,4.207564484126984,3.593005952380953,4.658333333333333,80.0,5.822916666666666,low (<50%)
Kota→BlokM,20,7,Harmoni,5.611805555555556,3.5782738095238096,6.69186507936508,80.0,8.36483134920635,low (<50%)
Kota→BlokM,20,8,Monumen Nasional,5.764488348530901,3.8840678824721375,15.814589665653497,80.0,19.768237082066868,low (<50%)
Kota→BlokM,20,9,Kebon Sirih,5.734722222222222,4.481175595238095,17.521999007936508,80.0,21.902498759920636,low (<50%)
Kota→BlokM,20,10,M.H Thamrin,7.286086309523809,5.376959325396825,19.43112599206349,80.0,24.28890749007936,low (<50%)
Kota→BlokM,20,11,Bundaran HI ASTRA,8.85766369047619,5.076190476190476,23.212599206349207,80.0,29.01574900793651,low (<50%)
Kota→BlokM,20,12,Tosari,8.302876984126984,5.370957341269841,26.14451884920635,80.0,32.68064856150794,low (<50%)
Kota→BlokM,20,13,Dukuh Atas 1,7.698660714285714,5.83953373015873,28.003645833333334,80.0,35.004557291666664,low (<50%)
Kota→BlokM,20,14,Karet,2.503151755651756,7.569596560846561,31.066405723905724,80.0,38.833007154882154,low (<50%)
Kota→BlokM,20,15,Bendungan Hilir,2.4656409104522314,7.139188379754417,34.884344115004495,80.0,43.60543014375562,low (<50%)
Kota→BlokM,20,16,Polda Metro Jaya,2.332713293650794,7.123784722222222,31.68174603174603,80.0,39.60218253968254,low (<50%)
Kota→BlokM,20,17,Gelora Bung Karno,2.748859126984127,9.103695436507936,25.326909722222226,80.0,31.65863715277778,low (<50%)
Kota→BlokM,20,18,Bundaran Senayan,2.3178323412698414,9.680233134920636,17.96450892857143,80.0,22.45563616071429,low (<50%)
Kota→BlokM,20,19,Masjid Agunng,1.5258928571428572,10.673412698412696,8.816989087301588,80.0,11.021236359126984,low (<50%)
Kota→BlokM,20,20,Kejaksaan Agung,0.7279004329004329,5.615317460317461,3.270209235209235,80.0,4.087761544011544,low (<50%)
Kota→BlokM,20,21,ASEAN,0.6388342126623376,2.4804817144660896,1.4286182133838383,80.0,1.7857727667297978,low (<50%)
Kota→BlokM,20,22,Blok M,0.0,1.6104159508921414,0.0,80.0,0.0,low (<50%)
Kota→BlokM,21,1,Museum Sejarah Jakarta,5.3125,2.6666666666666665,5.715277777777778,80.0,7.144097222222221,low (<50%)
Kota→BlokM,21,2,Kota,6.621527777777778,5.152777777777778,7.184027777777778,80.0,8.980034722222221,low (<50%)
Kota→BlokM,21,3,Glodok,3.4756944444444446,6.003472222222222,4.65625,80.0,5.8203125,low (<50%)
Kota→BlokM,21,4,Taman Sari,3.4375,3.7743055555555554,4.319444444444445,80.0,5.399305555555555,low (<50%)
Kota→BlokM,21,5,Mangga Besar,3.128472222222222,3.8993055555555554,3.548611111111111,80.0,4.435763888888889,low (<50%)
Kota→BlokM,21,6,Sawah Besar,4.847222222222222,2.9791666666666665,5.416666666666667,80.0,6.770833333333334,low (<50%)
Kota→BlokM,21,7,Harmoni,6.954861111111111,3.6666666666666665,8.70486111111111,80.0,10.88107638888889,low (<50%)
Kota→BlokM,21,8,Monumen Nasional,6.795659722222222,3.899181547619048,10.396478174603176,80.0,12.99559771825397,low (<50%)
Kota→BlokM,21,9,Kebon Sirih,6.287003968253969,4.9869047619047615,11.696577380952382,80.0,14.620721726190478,low (<50%)
Kota→BlokM,21,10,M.H Thamrin,7.03125,4.553794642857143,14.174032738095235,80.0,17.717540922619044,low (<50%)
Kota→BlokM,21,11,Bundaran HI ASTRA,8.959126984126984,4.726959325396826,18.4062003968254,80.0,23.00775049603175,low (<50%)
Kota→BlokM,21,12,Tosari,8.28514384920635,4.818477182539683,21.872867063492063,80.0,27.341083829365076,low (<50%)
Kota→BlokM,21,13,Dukuh Atas 1,7.4430555555555555,5.099479166666667,24.216443452380958,80.0,30.270554315476193,low (<50%)
Kota→BlokM,21,14,Karet,2.042361111111111,7.250868055555556,19.00793650793651,80.0,23.759920634920636,low (<50%)
Kota→BlokM,21,15,Bendungan Hilir,2.711738095238095,7.228436507936508,11.704420634920634,80.0,14.630525793650792,low (<50%)
Kota→BlokM,21,16,Polda Metro Jaya,2.31686507936508,7.063293650793651,6.447916666666667,80.0,8.059895833333334,low (<50%)
Kota→BlokM,21,17,Gelora Bung Karno,2.15687003968254,4.855803571428571,3.748983134920635,80.0,4.6862289186507935,low (<50%)
Kota→BlokM,21,18,Bundaran Senayan,1.908829365079365,2.9288690476190475,2.728943452380952,80.0,3.41117931547619,low (<50%)
Kota→BlokM,21,19,Masjid Agunng,1.289484126984127,2.5500000000000003,1.4684275793650794,80.0,1.8355344742063493,low (<50%)
Kota→BlokM,21,20,Kejaksaan Agung,0.9509424603174602,1.4684275793650794,0.9509424603174602,80.0,1.1886780753968251,low (<50%)
Kota→BlokM,21,21,ASEAN,0.7375992063492064,0.9509424603174602,0.7375992063492064,80.0,0.9219990079365079,low (<50%)
Kota→BlokM,21,22,Blok M,0.0,0.7505680049797696,0.0,80.0,0.0,low (<50%)
